linkId,sourceId,sinkId,keyRate,proDelay,bandwidth,weight,faultTime
0,1,3,3.8,7,10,2.1,-1
1,2,3,2.8,8,2,2.9,-1
2,3,6,4.0,1,10,1.4,-1
3,4,11,4.3,10,6,2.4,-1
4,5,8,2.3,6,4,2.7,-1
5,6,16,3.4,4,10,1.9,-1
6,7,8,4.3,8,2,2.4,-1
7,8,14,4.6,4,10,1.5,-1
8,9,12,3.8,2,6,1.8,-1
9,10,12,4.3,8,10,2.0,-1
10,11,16,4.8,9,6,2.2,-1
11,12,13,3.5,1,6,1.8,-1
12,13,15,4.6,4,4,1.8,-1
13,14,26,2.2,9,2,3.1,-1
14,15,17,2.3,7,2,2.9,-1
15,16,20,4.9,8,4,2.1,-1
16,17,22,2.4,7,10,2.5,-1
17,18,19,2.5,8,10,2.5,-1
18,19,20,3.3,3,10,1.8,-1
19,20,28,4.3,3,6,1.7,-1
20,21,22,3.2,10,6,2.7,-1
21,22,33,3.3,8,8,2.4,-1
22,23,26,2.4,3,2,2.5,-1
23,24,36,3.0,9,10,2.5,-1
24,25,26,2.7,3,2,2.4,-1
25,26,31,2.2,10,2,3.2,-1
26,27,28,2.7,0,6,1.9,-1
27,28,34,2.2,3,6,2.3,-1
28,29,34,4.0,3,10,1.6,-1
29,30,35,2.4,9,10,2.7,-1
30,31,37,3.4,7,8,2.3,-1
31,32,35,2.6,1,8,1.9,-1
32,33,36,3.1,6,8,2.3,-1
33,34,53,4.6,0,2,1.5,-1
34,35,43,2.2,5,2,2.7,-1
35,36,51,2.7,3,10,2.0,-1
36,37,39,3.3,6,4,2.4,-1
37,38,45,2.8,3,2,2.4,-1
38,39,45,3.3,8,2,2.7,-1
39,40,45,2.2,8,2,3.0,-1
40,41,42,4.9,3,4,1.6,-1
41,42,43,3.2,7,4,2.5,-1
42,43,58,4.6,0,4,1.4,-1
43,44,46,3.1,6,6,2.4,-1
44,45,46,4.8,7,6,2.0,-1
45,46,48,3.3,8,8,2.4,-1
46,47,54,2.5,4,4,2.5,-1
47,48,53,4.9,9,10,1.9,-1
48,49,51,2.2,5,2,2.7,-1
49,50,51,2.2,7,10,2.5,-1
50,51,70,4.8,8,4,2.2,-1
51,52,58,2.2,8,2,3.0,-1
52,53,54,4.6,1,10,1.2,-1
53,54,55,2.2,3,8,2.2,-1
54,55,60,2.4,9,4,3.0,-1
55,56,57,3.7,0,10,1.4,-1
56,57,58,2.2,10,10,2.8,-1
57,58,72,3.7,5,6,2.1,-1
58,59,64,2.6,5,4,2.5,-1
59,60,67,2.8,2,6,2.1,-1
60,61,64,3.4,1,2,2.0,-1
61,62,63,3.4,9,2,2.8,-1
62,63,71,2.2,3,10,2.1,-1
63,64,67,2.8,5,2,2.6,-1
64,65,66,4.6,5,6,1.8,-1
65,66,90,2.5,8,6,2.8,-1
66,67,71,3.8,10,10,2.4,-1
67,68,76,2.0,8,6,2.9,-1
68,69,74,4.8,1,4,1.5,-1
69,70,87,2.8,1,10,1.8,-1
70,71,72,2.5,4,10,2.1,-1
71,72,85,2.6,5,4,2.5,-1
72,73,82,4.1,4,10,1.7,-1
73,74,81,3.5,0,2,1.9,-1
74,75,76,3.9,4,2,2.1,-1
75,76,106,2.0,2,6,2.3,-1
76,77,93,2.5,7,10,2.5,-1
77,78,85,4.1,8,2,2.5,-1
78,79,81,2.3,2,10,2.0,-1
79,80,81,2.1,5,10,2.4,-1
80,81,96,3.7,6,4,2.3,-1
81,82,83,2.1,5,2,2.8,-1
82,83,85,4.7,3,4,1.7,-1
83,84,85,4.0,5,10,1.8,-1
84,85,92,4.7,6,10,1.7,-1
85,86,100,4.2,3,4,1.8,-1
86,87,95,4.9,2,8,1.3,-1
87,88,89,2.1,5,8,2.5,-1
88,89,90,4.4,3,6,1.7,-1
89,90,94,2.5,1,8,2.0,-1
90,91,95,4.6,7,4,2.1,-1
91,92,98,2.6,7,6,2.6,-1
92,93,114,2.9,3,4,2.2,-1
93,94,95,2.1,3,8,2.3,-1
94,95,101,3.0,1,6,1.9,-1
95,96,97,3.1,8,8,2.5,-1
96,97,98,4.0,8,6,2.3,-1
97,98,105,4.8,1,6,1.4,-1
98,99,108,2.5,4,2,2.5,-1
99,100,107,2.3,6,6,2.6,-1
100,101,103,4.2,5,8,1.8,-1
101,102,103,3.8,8,2,2.6,-1
102,103,137,3.2,9,4,2.7,-1
103,104,106,2.8,6,2,2.7,-1
104,105,106,3.6,8,4,2.5,-1
105,106,118,3.1,1,6,1.9,-1
106,107,108,3.9,10,2,2.7,-1
107,108,116,4.2,4,10,1.6,-1
108,109,110,2.9,6,6,2.4,-1
109,110,111,3.2,4,10,1.9,-1
110,111,116,2.4,6,8,2.5,-1
111,112,113,4.0,2,10,1.5,-1
112,113,118,3.7,6,10,2.0,-1
113,114,120,4.5,4,6,1.8,-1
114,115,116,2.6,9,10,2.6,-1
115,116,122,4.0,7,8,2.1,-1
116,117,118,3.3,3,10,1.8,-1
117,118,120,3.4,2,2,2.1,-1
118,119,120,2.9,10,10,2.6,-1
119,120,127,3.0,3,6,2.1,-1
120,121,122,2.7,3,4,2.3,-1
121,122,128,2.1,3,8,2.3,-1
122,123,124,3.8,1,8,1.6,-1
123,124,127,3.2,10,10,2.5,-1
124,125,131,2.6,6,8,2.4,-1
125,126,136,3.2,2,2,2.1,-1
126,127,140,4.7,1,8,1.3,-1
127,128,130,2.7,8,8,2.6,-1
128,129,133,2.2,3,2,2.5,-1
129,130,132,3.4,7,10,2.2,-1
130,131,134,5.0,9,6,2.1,-1
131,132,150,4.9,7,10,1.7,-1
132,133,135,4.4,8,8,2.1,-1
133,134,144,4.5,8,8,2.0,-1
134,135,142,4.7,7,8,1.9,-1
135,136,142,2.8,3,6,2.2,-1
136,137,146,4.3,8,8,2.1,-1
137,138,143,3.9,4,8,1.8,-1
138,139,145,2.2,4,4,2.5,-1
139,140,143,2.8,5,10,2.2,-1
140,141,145,2.2,2,4,2.3,-1
141,142,151,3.1,2,4,2.1,-1
142,143,146,2.2,6,6,2.6,-1
143,144,153,3.6,6,2,2.4,-1
144,145,154,2.6,6,8,2.4,-1
145,146,155,4.7,9,2,2.4,-1
146,147,152,4.6,9,8,2.1,-1
147,148,150,3.4,5,6,2.2,-1
148,149,159,4.3,6,10,1.8,-1
149,150,151,4.2,8,10,2.0,-1
150,151,153,4.7,7,4,2.1,-1
151,152,165,2.8,7,2,2.8,-1
152,153,156,3.2,10,8,2.6,-1
153,154,158,4.2,7,4,2.2,-1
154,155,156,4.9,8,2,2.2,-1
155,156,159,4.7,9,10,2.0,-1
156,157,158,4.0,1,8,1.5,-1
157,158,166,2.4,7,4,2.8,-1
158,159,161,2.2,6,6,2.6,-1
159,160,163,2.6,5,6,2.4,-1
160,161,162,4.3,6,6,2.0,-1
161,162,163,4.3,6,6,2.0,-1
162,163,165,4.5,7,2,2.2,-1
163,164,168,4.2,0,6,1.4,-1
164,165,166,2.7,1,2,2.2,-1
165,166,167,4.3,3,4,1.8,-1
166,167,175,4.5,9,4,2.4,-1
167,168,169,2.7,7,2,2.8,-1
168,169,170,3.7,3,8,1.8,-1
169,170,171,4.1,5,4,2.1,-1
170,171,172,3.8,1,4,1.8,-1
171,172,173,4.9,1,10,1.1,-1
172,173,175,2.1,4,10,2.3,-1
173,174,177,4.0,6,8,2.0,-1
174,175,195,4.8,3,2,1.8,-1
175,176,184,3.8,10,4,2.7,-1
176,177,181,2.3,4,10,2.2,-1
177,178,179,4.4,9,2,2.5,-1
178,179,181,3.0,6,6,2.4,-1
179,180,186,2.2,10,6,3.0,-1
180,181,188,2.0,6,8,2.6,-1
181,182,184,2.3,5,8,2.4,-1
182,183,185,4.1,6,4,2.2,-1
183,184,188,4.2,10,6,2.4,-1
184,185,193,3.8,8,8,2.3,-1
185,186,194,3.4,9,6,2.6,-1
186,187,190,3.0,3,2,2.3,-1
187,188,189,2.8,7,4,2.7,-1
188,189,191,4.3,9,10,2.1,-1
189,190,193,4.0,5,2,2.2,-1
190,191,193,3.5,5,4,2.2,-1
191,192,193,3.5,5,6,2.2,-1
192,193,195,3.0,9,6,2.7,-1
193,194,195,3.7,8,4,2.5,-1
194,195,210,2.3,6,8,2.5,-1
195,196,200,3.7,3,8,1.8,-1
196,197,202,3.9,7,8,2.1,-1
197,198,216,4.4,1,6,1.5,-1
198,199,205,2.7,3,6,2.2,-1
199,200,212,4.0,5,8,1.9,-1
200,201,214,3.7,5,8,2.0,-1
201,202,208,5.0,8,6,2.0,-1
202,203,204,3.1,7,6,2.5,-1
203,204,205,2.9,3,2,2.3,-1
204,205,211,4.2,5,2,2.1,-1
205,206,212,4.2,2,4,1.7,-1
206,207,217,2.6,7,6,2.6,-1
207,208,213,4.2,8,10,2.0,-1
208,209,212,2.8,1,4,2.1,-1
209,210,215,2.9,5,4,2.4,-1
210,211,227,2.9,8,4,2.7,-1
211,212,221,2.8,0,10,1.7,-1
212,213,219,2.9,2,8,1.9,-1
213,214,224,2.3,0,10,1.8,-1
214,215,217,2.9,7,8,2.4,-1
215,216,217,3.0,0,6,1.8,-1
216,217,220,4.8,7,2,2.2,-1
217,218,219,4.5,6,8,1.9,-1
218,219,226,2.2,10,2,3.2,-1
219,220,225,2.5,9,6,2.9,-1
220,221,222,2.3,3,2,2.5,-1
221,222,228,3.7,6,10,2.0,-1
222,223,227,3.8,9,4,2.6,-1
223,224,225,4.3,6,8,1.9,-1
224,225,226,4.7,4,10,1.5,-1
225,226,228,5.0,4,10,1.4,-1
226,227,245,3.9,9,2,2.6,-1
227,228,239,4.8,3,4,1.7,-1
228,229,233,2.8,1,4,2.1,-1
229,230,234,2.7,8,2,2.9,-1
230,231,246,2.5,6,8,2.5,-1
231,232,246,4.1,7,6,2.2,-1
232,233,234,2.1,4,6,2.5,-1
233,234,247,4.1,7,2,2.4,-1
234,235,237,4.1,4,10,1.7,-1
235,236,237,4.0,3,8,1.7,-1
236,237,240,2.3,3,4,2.4,-1
237,238,239,4.7,2,2,1.7,-1
238,239,240,2.2,4,10,2.2,-1
239,240,242,4.2,9,6,2.3,-1
240,241,242,3.3,7,6,2.4,-1
241,242,243,4.1,4,10,1.7,-1
242,243,244,3.6,7,2,2.5,-1
243,244,246,3.8,6,6,2.2,-1
244,245,250,3.8,0,2,1.8,-1
245,246,247,2.7,10,10,2.7,-1
246,247,250,3.8,0,6,1.6,-1
247,248,254,3.7,2,8,1.7,-1
248,249,250,3.6,7,6,2.3,-1
249,250,252,2.5,9,8,2.8,-1
250,251,252,3.9,7,2,2.4,-1
251,252,254,3.4,6,6,2.3,-1
252,253,254,3.0,1,4,2.0,-1
253,254,256,3.0,7,6,2.5,-1
254,255,256,4.0,6,10,1.9,-1
255,256,257,2.1,1,6,2.2,-1
256,257,1,2.8,1,8,1.9,-1
257,258,259,4.6,0,10,1.1,-1
258,259,260,3.4,0,4,1.8,-1
259,260,261,3.6,9,8,2.4,-1
260,261,519,3.9,0,4,1.6,-1
261,262,263,2.8,2,6,2.1,-1
262,263,268,3.3,7,2,2.6,-1
263,264,267,2.1,10,10,2.9,-1
264,265,268,4.4,2,6,1.6,-1
265,266,273,3.7,8,8,2.3,-1
266,267,270,2.3,1,8,2.0,-1
267,268,273,4.8,10,4,2.4,-1
268,269,276,3.5,4,10,1.9,-1
269,270,273,4.1,6,8,2.0,-1
270,271,529,4.9,3,8,1.4,-1
271,272,275,3.7,6,4,2.3,-1
272,273,280,4.8,8,4,2.2,-1
273,274,277,4.6,4,8,1.6,-1
274,275,279,3.0,8,6,2.6,-1
275,276,283,4.5,4,6,1.8,-1
276,277,279,4.5,9,8,2.1,-1
277,278,536,4.6,7,10,1.8,-1
278,279,286,3.5,5,10,2.0,-1
279,280,290,4.3,6,8,1.9,-1
280,281,284,4.8,3,4,1.7,-1
281,282,540,3.7,3,8,1.8,-1
282,283,289,2.1,7,8,2.7,-1
283,284,285,3.2,10,4,2.8,-1
284,285,298,3.5,0,4,1.8,-1
285,286,293,3.5,9,6,2.6,-1
286,287,293,4.6,7,2,2.2,-1
287,288,291,3.6,7,2,2.5,-1
288,289,290,4.2,6,4,2.1,-1
289,290,297,2.2,4,6,2.4,-1
290,291,299,3.9,6,2,2.3,-1
291,292,294,4.6,10,10,2.1,-1
292,293,294,3.1,5,8,2.2,-1
293,294,295,4.6,0,10,1.1,-1
294,295,296,2.2,10,6,3.0,-1
295,296,297,5.0,1,8,1.2,-1
296,297,304,4.9,10,2,2.4,-1
297,298,299,3.3,4,2,2.3,-1
298,299,302,2.1,0,6,2.1,-1
299,300,301,3.1,6,4,2.5,-1
300,301,304,2.7,6,10,2.3,-1
301,302,310,4.0,2,4,1.8,-1
302,303,273,2.5,9,8,2.8,-1
303,304,320,3.9,3,8,1.7,-1
304,305,275,4.7,2,4,1.6,-1
305,306,308,3.4,4,8,2.0,-1
306,307,312,2.8,0,8,1.8,-1
307,308,310,4.7,10,10,2.1,-1
308,309,321,2.5,7,6,2.6,-1
309,310,280,5.0,4,8,1.5,-1
310,311,316,4.1,7,6,2.2,-1
311,312,313,2.6,6,8,2.4,-1
312,313,315,2.3,6,10,2.4,-1
313,314,284,3.1,4,6,2.2,-1
314,315,318,2.1,10,8,3.0,-1
315,316,286,2.8,9,2,3.0,-1
316,317,318,4.7,7,6,2.0,-1
317,318,330,4.3,3,10,1.5,-1
318,319,320,4.4,3,4,1.8,-1
319,320,326,3.9,10,4,2.6,-1
320,321,342,3.9,10,2,2.7,-1
321,322,328,2.9,7,2,2.7,-1
322,323,324,3.7,2,2,2.0,-1
323,324,294,4.7,5,8,1.7,-1
324,325,334,2.5,2,10,1.9,-1
325,326,296,4.6,5,10,1.6,-1
326,327,328,3.5,4,4,2.2,-1
327,328,329,2.8,7,6,2.6,-1
328,329,331,4.2,5,2,2.1,-1
329,330,339,3.4,1,4,1.9,-1
330,331,332,4.3,3,8,1.6,-1
331,332,334,4.9,8,6,2.0,-1
332,333,335,2.3,6,2,2.8,-1
333,334,336,2.8,1,8,1.9,-1
334,335,341,3.1,10,6,2.8,-1
335,336,339,3.8,10,6,2.6,-1
336,337,338,2.3,3,8,2.2,-1
337,338,343,2.1,8,6,2.9,-1
338,339,349,4.7,3,2,1.8,-1
339,340,310,3.9,7,6,2.2,-1
340,341,358,3.9,1,4,1.7,-1
341,342,343,2.1,0,6,2.1,-1
342,343,313,5.0,1,2,1.5,-1
343,344,347,2.7,8,4,2.8,-1
344,345,356,3.2,5,10,2.0,-1
345,346,347,3.3,2,8,1.8,-1
346,347,352,4.0,7,10,2.0,-1
347,348,318,3.2,4,2,2.3,-1
348,349,355,4.1,3,8,1.7,-1
349,350,320,3.3,3,6,2.0,-1
350,351,356,2.3,10,6,3.0,-1
351,352,356,3.6,10,6,2.6,-1
352,353,358,2.2,4,4,2.5,-1
353,354,356,4.9,7,2,2.1,-1
354,355,356,4.0,10,10,2.3,-1
355,356,326,4.9,0,6,1.2,-1
356,357,327,2.7,2,10,1.9,-1
357,358,360,2.6,8,4,2.8,-1
358,359,363,3.8,3,6,1.9,-1
359,360,388,4.3,9,2,2.5,-1
360,361,364,2.8,2,4,2.2,-1
361,362,365,3.6,2,2,2.0,-1
362,363,333,4.0,0,4,1.6,-1
363,364,365,2.0,3,10,2.2,-1
364,365,367,3.0,2,6,2.0,-1
365,366,368,2.2,6,10,2.4,-1
366,367,371,2.3,1,8,2.0,-1
367,368,371,3.3,5,10,2.0,-1
368,369,377,3.8,7,10,2.1,-1
369,370,381,2.7,9,2,3.0,-1
370,371,341,4.2,10,10,2.2,-1
371,372,375,2.9,10,2,3.0,-1
372,373,374,2.2,7,8,2.6,-1
373,374,377,3.3,1,8,1.7,-1
374,375,380,4.1,7,2,2.4,-1
375,376,377,4.7,5,10,1.6,-1
376,377,347,2.4,2,6,2.2,-1
377,378,380,3.9,9,10,2.2,-1
378,379,382,4.1,6,10,1.9,-1
379,380,381,3.6,7,10,2.1,-1
380,381,351,3.8,1,2,1.9,-1
381,382,388,4.6,10,10,2.1,-1
382,383,399,4.2,3,8,1.6,-1
383,384,390,3.4,3,8,1.9,-1
384,385,387,3.0,7,8,2.4,-1
385,386,392,3.2,1,6,1.8,-1
386,387,389,3.3,10,6,2.7,-1
387,388,397,3.1,2,8,1.9,-1
388,389,359,2.2,1,2,2.3,-1
389,390,394,3.3,5,4,2.3,-1
390,391,361,3.7,9,10,2.3,-1
391,392,362,3.7,10,2,2.8,-1
392,393,395,3.2,10,8,2.6,-1
393,394,396,4.6,0,6,1.3,-1
394,395,401,3.8,5,2,2.3,-1
395,396,401,3.7,3,4,2.0,-1
396,397,401,4.0,3,2,2.0,-1
397,398,402,3.1,8,6,2.6,-1
398,399,400,2.3,4,10,2.2,-1
399,400,401,2.7,6,10,2.3,-1
400,401,405,4.9,9,10,1.9,-1
401,402,403,4.0,8,2,2.5,-1
402,403,407,3.8,10,6,2.6,-1
403,404,406,2.1,4,6,2.5,-1
404,405,412,4.8,5,2,2.0,-1
405,406,420,2.5,2,10,1.9,-1
406,407,377,4.0,1,4,1.7,-1
407,408,425,4.2,0,2,1.6,-1
408,409,379,4.2,3,8,1.6,-1
409,410,412,3.3,5,4,2.3,-1
410,411,412,3.1,5,10,2.1,-1
411,412,418,3.8,0,4,1.7,-1
412,413,414,2.5,9,2,3.0,-1
413,414,415,4.0,4,8,1.8,-1
414,415,421,4.0,7,10,2.0,-1
415,416,386,3.3,4,4,2.2,-1
416,417,443,4.3,1,6,1.5,-1
417,418,419,3.3,4,10,1.9,-1
418,419,427,3.5,10,6,2.7,-1
419,420,424,2.1,6,10,2.5,-1
420,421,391,2.2,3,6,2.3,-1
421,422,424,4.8,2,6,1.5,-1
422,423,424,2.9,1,2,2.1,-1
423,424,433,3.5,6,4,2.4,-1
424,425,445,2.4,8,4,2.9,-1
425,426,439,3.5,10,6,2.7,-1
426,427,434,2.2,0,8,1.9,-1
427,428,429,2.1,1,6,2.2,-1
428,429,435,3.7,9,8,2.4,-1
429,430,431,4.1,6,6,2.1,-1
430,431,432,2.3,0,6,2.0,-1
431,432,435,2.5,9,8,2.8,-1
432,433,438,4.5,5,2,2.0,-1
433,434,435,3.3,1,4,1.9,-1
434,435,405,3.3,6,10,2.1,-1
435,436,438,2.2,4,6,2.4,-1
436,437,439,2.7,2,2,2.3,-1
437,438,446,3.5,1,10,1.6,-1
438,439,452,3.5,5,6,2.2,-1
439,440,441,4.2,10,4,2.5,-1
440,441,444,2.7,2,6,2.1,-1
441,442,445,2.6,9,4,2.9,-1
442,443,445,4.3,10,2,2.6,-1
443,444,449,2.5,10,8,2.9,-1
444,445,446,3.4,9,10,2.4,-1
445,446,447,3.3,9,10,2.4,-1
446,447,448,3.0,10,6,2.8,-1
447,448,418,2.5,1,8,2.0,-1
448,449,450,3.3,4,6,2.1,-1
449,450,451,3.8,5,10,1.9,-1
450,451,456,2.2,7,8,2.6,-1
451,452,454,2.1,5,6,2.6,-1
452,453,423,2.2,1,10,1.9,-1
453,454,456,3.8,6,8,2.1,-1
454,455,457,3.7,0,8,1.5,-1
455,456,461,4.7,9,4,2.3,-1
456,457,427,3.0,7,10,2.3,-1
457,458,463,2.5,0,8,1.9,-1
458,459,429,2.3,5,2,2.7,-1
459,460,462,3.5,2,2,2.0,-1
460,461,462,2.7,7,8,2.5,-1
461,462,471,3.6,9,4,2.6,-1
462,463,500,3.1,4,8,2.1,-1
463,464,471,3.2,5,10,2.0,-1
464,465,467,2.2,10,6,3.0,-1
465,466,474,2.2,1,10,1.9,-1
466,467,469,4.0,4,6,1.9,-1
467,468,438,4.2,10,10,2.2,-1
468,469,471,4.6,5,2,2.0,-1
469,470,474,3.7,2,6,1.8,-1
470,471,473,2.9,10,8,2.7,-1
471,472,473,2.4,1,6,2.1,-1
472,473,478,3.7,10,6,2.6,-1
473,474,476,4.4,10,10,2.2,-1
474,475,484,2.3,10,8,2.9,-1
475,476,479,3.5,0,6,1.7,-1
476,477,478,2.9,3,6,2.1,-1
477,478,486,4.8,7,4,2.1,-1
478,479,480,2.7,2,4,2.2,-1
479,480,482,2.2,1,10,1.9,-1
480,481,485,4.3,8,2,2.4,-1
481,482,452,4.0,9,4,2.5,-1
482,483,486,3.8,2,4,1.9,-1
483,484,492,2.5,9,4,3.0,-1
484,485,455,4.2,0,8,1.3,-1
485,486,493,3.1,3,8,2.0,-1
486,487,490,3.8,7,4,2.4,-1
487,488,492,3.6,4,8,1.9,-1
488,489,494,4.7,3,6,1.6,-1
489,490,460,4.0,9,8,2.3,-1
490,491,493,3.4,4,8,2.0,-1
491,492,493,3.5,6,4,2.4,-1
492,493,496,4.5,9,4,2.4,-1
493,494,495,4.6,0,8,1.2,-1
494,495,500,4.6,8,2,2.3,-1
495,496,504,4.1,8,2,2.5,-1
496,497,505,2.9,2,6,2.0,-1
497,498,468,3.3,8,4,2.6,-1
498,499,502,4.5,1,4,1.6,-1
499,500,512,4.5,5,2,2.0,-1
500,501,505,3.2,6,10,2.1,-1
501,502,505,3.1,6,2,2.6,-1
502,503,508,3.1,0,6,1.8,-1
503,504,505,4.8,10,6,2.3,-1
504,505,511,4.4,2,2,1.8,-1
505,506,507,2.9,7,4,2.6,-1
506,507,509,4.3,7,8,2.0,-1
507,508,509,3.8,1,2,1.9,-1
508,509,511,2.8,2,10,1.9,-1
509,510,515,4.8,9,10,2.0,-1
510,511,512,3.3,4,4,2.2,-1
511,512,518,2.9,0,4,1.9,-1
512,513,516,3.3,9,8,2.5,-1
513,514,515,2.2,7,10,2.5,-1
514,515,521,3.6,10,10,2.4,-1
515,516,518,3.7,2,6,1.8,-1
516,517,487,3.3,9,6,2.6,-1
517,518,522,2.7,6,4,2.6,-1
518,519,520,4.0,1,10,1.4,-1
519,520,541,4.9,1,10,1.1,-1
520,521,525,3.6,8,10,2.2,-1
521,522,525,2.1,7,2,3.0,-1
522,523,529,3.9,5,6,2.0,-1
523,524,525,4.2,5,2,2.1,-1
524,525,526,3.0,10,2,3.0,-1
525,526,533,4.3,5,4,2.0,-1
526,527,533,2.1,8,6,2.9,-1
527,528,531,4.4,2,8,1.5,-1
528,529,532,4.9,7,4,2.0,-1
529,530,500,4.4,1,8,1.4,-1
530,531,533,2.1,3,2,2.6,-1
531,532,502,4.4,0,6,1.4,-1
532,533,534,4.8,8,8,2.0,-1
533,534,537,5.0,8,8,1.9,-1
534,535,538,2.8,10,4,3.0,-1
535,536,537,2.9,0,6,1.8,-1
536,537,507,2.8,5,8,2.3,-1
537,538,508,4.7,7,8,1.9,-1
538,539,540,3.0,2,8,1.9,-1
539,540,541,4.1,5,10,1.8,-1
540,541,544,2.8,1,8,1.9,-1
541,542,543,2.2,9,4,3.0,-1
542,543,513,3.6,5,2,2.3,-1
543,544,545,2.2,10,6,3.0,-1
544,545,515,2.9,9,8,2.6,-1
545,546,547,2.5,7,6,2.6,-1
546,547,550,3.3,5,10,2.0,-1
547,548,557,5.0,4,2,1.8,-1
548,549,550,2.2,10,8,2.9,-1
549,550,654,3.1,10,4,2.9,-1
550,551,562,4.9,2,10,1.2,-1
551,552,570,4.0,7,2,2.4,-1
552,553,563,2.4,3,6,2.3,-1
553,554,568,3.1,9,2,2.9,-1
554,555,567,3.8,10,8,2.5,-1
555,556,571,4.8,5,8,1.7,-1
556,557,562,4.3,9,4,2.4,-1
557,558,561,3.6,6,6,2.2,-1
558,559,563,3.9,3,2,2.0,-1
559,560,561,2.1,2,8,2.2,-1
560,561,565,3.6,8,2,2.6,-1
561,562,565,2.8,4,8,2.2,-1
562,563,564,2.6,9,6,2.8,-1
563,564,570,4.1,7,4,2.3,-1
564,565,575,2.4,1,8,2.0,-1
565,566,573,2.5,7,2,2.9,-1
566,567,582,4.4,5,6,1.9,-1
567,568,572,4.1,8,10,2.1,-1
568,569,577,2.9,4,4,2.3,-1
569,570,599,4.1,10,4,2.6,-1
570,571,586,4.4,8,4,2.3,-1
571,572,573,2.4,3,4,2.4,-1
572,573,586,2.7,7,2,2.8,-1
573,574,581,3.1,9,6,2.7,-1
574,575,577,3.4,8,4,2.6,-1
575,576,601,3.8,1,2,1.9,-1
576,577,580,2.9,7,10,2.3,-1
577,578,588,3.2,6,10,2.1,-1
578,579,583,2.2,5,2,2.7,-1
579,580,604,3.3,10,10,2.5,-1
580,581,582,3.0,8,10,2.4,-1
581,582,599,2.5,2,8,2.0,-1
582,583,592,3.5,0,2,1.9,-1
583,584,591,3.6,4,4,2.1,-1
584,585,689,2.5,3,6,2.2,-1
585,586,589,4.8,8,6,2.1,-1
586,587,592,4.5,4,4,1.9,-1
587,588,593,3.9,8,6,2.3,-1
588,589,594,2.4,4,10,2.2,-1
589,590,599,3.6,8,4,2.5,-1
590,591,608,3.8,9,4,2.6,-1
591,592,594,2.5,9,10,2.6,-1
592,593,597,3.0,9,2,2.9,-1
593,594,600,4.5,0,2,1.5,-1
594,595,600,2.1,10,10,2.9,-1
595,596,607,2.8,3,10,2.0,-1
596,597,598,3.2,10,2,2.9,-1
597,598,602,3.5,10,10,2.5,-1
598,599,639,2.9,4,8,2.1,-1
599,600,612,2.7,10,8,2.8,-1
600,601,608,2.9,1,2,2.1,-1
601,602,603,2.5,6,8,2.5,-1
602,603,606,3.4,5,10,2.0,-1
603,604,607,2.4,5,6,2.5,-1
604,605,616,4.9,2,6,1.4,-1
605,606,629,3.5,1,6,1.8,-1
606,607,614,2.7,1,6,2.0,-1
607,608,623,3.3,2,2,2.1,-1
608,609,613,2.2,6,10,2.4,-1
609,610,624,3.3,2,6,1.9,-1
610,611,621,4.8,5,4,1.9,-1
611,612,619,4.3,7,10,1.9,-1
612,613,615,3.4,4,8,2.0,-1
613,614,615,2.1,6,10,2.5,-1
614,615,627,3.4,3,4,2.1,-1
615,616,625,3.8,0,2,1.8,-1
616,617,618,2.8,9,8,2.7,-1
617,618,619,2.9,0,2,2.0,-1
618,619,620,3.3,4,6,2.1,-1
619,620,624,4.3,5,2,2.1,-1
620,621,623,3.2,9,10,2.4,-1
621,622,626,2.6,8,6,2.7,-1
622,623,625,2.2,8,8,2.7,-1
623,624,632,4.3,4,10,1.6,-1
624,625,638,4.0,1,4,1.7,-1
625,626,629,4.9,6,6,1.8,-1
626,627,644,4.4,5,10,1.7,-1
627,628,637,4.8,2,4,1.6,-1
628,629,630,3.8,6,10,2.0,-1
629,630,635,2.1,0,4,2.2,-1
630,631,645,4.1,7,10,2.0,-1
631,632,641,3.4,9,10,2.4,-1
632,633,644,2.4,9,6,2.9,-1
633,634,635,2.5,9,6,2.9,-1
634,635,643,3.8,8,10,2.2,-1
635,636,647,3.6,9,6,2.5,-1
636,637,639,3.4,0,6,1.7,-1
637,638,656,3.0,1,8,1.8,-1
638,639,642,3.8,10,2,2.8,-1
639,640,642,3.8,4,10,1.8,-1
640,641,667,3.7,0,10,1.4,-1
641,642,649,3.4,8,10,2.3,-1
642,643,649,4.3,6,4,2.1,-1
643,644,647,4.5,3,2,1.8,-1
644,645,652,3.7,1,4,1.8,-1
645,646,648,2.1,5,8,2.5,-1
646,647,751,2.5,3,8,2.2,-1
647,648,650,3.5,9,8,2.5,-1
648,649,655,4.6,0,4,1.4,-1
649,650,652,3.6,8,6,2.4,-1
650,651,661,5.0,7,10,1.7,-1
651,652,660,3.1,2,8,1.9,-1
652,653,655,4.7,5,10,1.6,-1
653,654,659,3.1,10,6,2.8,-1
654,655,657,3.8,3,4,2.0,-1
655,656,664,2.8,4,4,2.4,-1
656,657,660,4.8,4,6,1.7,-1
657,658,667,4.1,7,6,2.2,-1
658,659,660,3.4,8,6,2.5,-1
659,660,667,2.9,9,10,2.5,-1
660,661,663,3.1,6,6,2.4,-1
661,662,669,4.9,2,6,1.4,-1
662,663,681,2.1,1,6,2.2,-1
663,664,678,4.8,10,6,2.3,-1
664,665,667,4.2,3,4,1.8,-1
665,666,671,4.5,4,10,1.5,-1
666,667,686,4.1,2,2,1.9,-1
667,668,677,3.8,9,4,2.6,-1
668,669,672,2.7,10,10,2.7,-1
669,670,672,2.7,3,2,2.4,-1
670,671,672,2.3,5,8,2.4,-1
671,672,681,2.3,2,2,2.4,-1
672,673,675,4.9,2,8,1.3,-1
673,674,678,4.0,7,8,2.1,-1
674,675,683,4.0,4,6,1.9,-1
675,676,678,2.9,0,2,2.0,-1
676,677,685,4.0,3,10,1.6,-1
677,678,679,4.2,0,4,1.5,-1
678,679,681,3.3,2,2,2.1,-1
679,680,681,5.0,6,8,1.7,-1
680,681,684,2.6,4,2,2.5,-1
681,682,696,2.0,9,10,2.8,-1
682,683,689,2.3,5,6,2.5,-1
683,684,567,3.4,10,10,2.5,-1
684,685,717,3.6,2,10,1.6,-1
685,686,692,3.4,3,2,2.2,-1
686,687,699,3.0,7,6,2.5,-1
687,688,689,4.2,0,6,1.4,-1
688,689,695,4.4,9,4,2.4,-1
689,690,733,2.5,10,8,2.9,-1
690,691,693,4.5,8,6,2.1,-1
691,692,575,2.3,10,2,3.2,-1
692,693,695,2.6,2,8,2.0,-1
693,694,699,3.0,3,2,2.3,-1
694,695,697,2.8,3,8,2.1,-1
695,696,720,4.3,5,6,1.9,-1
696,697,702,3.7,9,2,2.7,-1
697,698,581,2.8,5,4,2.5,-1
698,699,702,2.2,1,8,2.0,-1
699,700,701,2.9,6,10,2.2,-1
700,701,702,4.8,4,2,1.9,-1
701,702,710,3.9,4,6,1.9,-1
702,703,705,3.8,3,4,2.0,-1
703,704,715,3.4,7,10,2.2,-1
704,705,710,3.1,8,8,2.5,-1
705,706,709,4.3,10,4,2.5,-1
706,707,715,4.3,10,10,2.2,-1
707,708,710,4.6,1,10,1.2,-1
708,709,710,3.3,5,2,2.4,-1
709,710,593,4.8,1,2,1.6,-1
710,711,717,4.5,8,4,2.2,-1
711,712,714,3.7,2,4,1.9,-1
712,713,717,3.0,8,8,2.5,-1
713,714,720,2.3,3,10,2.1,-1
714,715,722,3.5,8,8,2.4,-1
715,716,727,4.4,7,4,2.2,-1
716,717,719,3.5,7,10,2.2,-1
717,718,722,2.2,7,6,2.7,-1
718,719,722,4.2,6,6,2.0,-1
719,720,733,4.4,3,10,1.5,-1
720,721,727,2.2,6,6,2.6,-1
721,722,740,4.1,8,2,2.5,-1
722,723,729,4.8,1,8,1.3,-1
723,724,729,2.1,6,4,2.8,-1
724,725,752,4.3,10,8,2.3,-1
725,726,727,3.1,6,8,2.3,-1
726,727,739,4.6,6,8,1.8,-1
727,728,732,2.2,10,10,2.8,-1
728,729,730,2.4,5,2,2.7,-1
729,730,732,2.5,8,8,2.7,-1
730,731,752,3.6,3,2,2.1,-1
731,732,741,4.3,4,8,1.7,-1
732,733,734,4.0,8,8,2.2,-1
733,734,617,3.6,3,4,2.0,-1
734,735,739,3.4,2,6,1.9,-1
735,736,746,2.6,1,2,2.2,-1
736,737,738,4.4,6,10,1.8,-1
737,738,765,4.3,0,4,1.5,-1
738,739,744,2.6,1,10,1.8,-1
739,740,741,2.1,9,2,3.2,-1
740,741,746,2.7,0,8,1.8,-1
741,742,747,3.3,8,4,2.6,-1
742,743,751,4.3,0,4,1.5,-1
743,744,758,3.5,4,4,2.2,-1
744,745,750,4.4,9,6,2.3,-1
745,746,754,3.7,10,6,2.6,-1
746,747,753,2.7,2,10,1.9,-1
747,748,749,2.7,4,6,2.3,-1
748,749,751,2.2,9,4,3.0,-1
749,750,758,3.9,6,10,1.9,-1
750,751,765,3.5,5,8,2.1,-1
751,752,753,4.4,5,8,1.8,-1
752,753,765,3.2,4,8,2.0,-1
753,754,761,2.6,8,8,2.6,-1
754,755,758,2.7,3,6,2.2,-1
755,756,761,4.6,2,8,1.4,-1
756,757,762,4.7,8,8,2.0,-1
757,758,763,4.9,8,10,1.8,-1
758,759,760,2.4,3,6,2.3,-1
759,760,761,2.6,10,2,3.1,-1
760,761,762,4.8,5,2,2.0,-1
761,762,765,3.6,3,2,2.1,-1
762,763,764,2.8,10,10,2.7,-1
763,764,765,3.8,1,4,1.8,-1
764,765,648,4.4,9,10,2.1,-1
765,766,649,2.7,3,6,2.2,-1
766,767,768,2.9,0,4,1.9,-1
767,768,1535,4.8,1,8,1.3,-1
768,769,778,4.7,9,4,2.3,-1
769,770,1537,3.2,3,10,1.8,-1
770,771,777,3.0,4,8,2.1,-1
771,772,775,3.4,10,6,2.7,-1
772,773,775,2.9,5,10,2.1,-1
773,774,1541,4.6,7,2,2.2,-1
774,775,1542,4.4,7,6,2.1,-1
775,776,783,4.7,5,6,1.8,-1
776,777,1544,3.2,9,4,2.7,-1
777,778,785,4.2,0,6,1.4,-1
778,779,782,3.7,9,10,2.3,-1
779,780,781,4.2,4,4,1.9,-1
780,781,786,2.6,3,8,2.1,-1
781,782,785,3.7,3,8,1.8,-1
782,783,789,3.7,10,6,2.6,-1
783,784,792,2.8,7,8,2.5,-1
784,785,787,3.4,5,4,2.3,-1
785,786,787,2.4,8,8,2.7,-1
786,787,788,2.6,8,2,2.9,-1
787,788,1555,3.6,1,2,1.9,-1
788,789,791,4.3,6,4,2.1,-1
789,790,795,4.5,3,2,1.8,-1
790,791,799,4.1,0,4,1.6,-1
791,792,1559,3.5,5,2,2.4,-1
792,793,795,3.9,10,10,2.3,-1
793,794,798,4.7,10,8,2.2,-1
794,795,801,2.0,8,10,2.7,-1
795,796,798,3.2,0,10,1.5,-1
796,797,1564,4.2,8,6,2.2,-1
797,798,800,2.1,10,8,3.0,-1
798,799,803,4.4,2,2,1.8,-1
799,800,1567,4.8,8,4,2.2,-1
800,801,805,2.7,9,10,2.6,-1
801,802,808,2.8,5,6,2.4,-1
802,803,808,4.4,1,6,1.5,-1
803,804,805,4.9,7,10,1.7,-1
804,805,810,2.7,3,6,2.2,-1
805,806,1573,4.1,1,2,1.8,-1
806,807,809,2.3,6,8,2.5,-1
807,808,812,3.7,0,2,1.8,-1
808,809,1576,4.1,1,8,1.5,-1
809,810,1577,4.5,10,6,2.3,-1
810,811,815,3.7,1,10,1.5,-1
811,812,1579,4.8,3,4,1.7,-1
812,813,1580,4.7,9,8,2.1,-1
813,814,1581,2.8,1,6,2.0,-1
814,815,816,4.7,9,2,2.4,-1
815,816,819,2.5,5,2,2.6,-1
816,817,824,4.9,9,4,2.2,-1
817,818,821,4.3,6,2,2.2,-1
818,819,820,2.9,9,4,2.8,-1
819,820,824,3.7,6,10,2.0,-1
820,821,823,3.0,2,2,2.2,-1
821,822,824,3.5,5,2,2.4,-1
822,823,834,2.3,3,2,2.5,-1
823,824,830,3.0,9,10,2.5,-1
824,825,1592,3.2,5,2,2.4,-1
825,826,839,3.9,7,8,2.1,-1
826,827,1594,2.7,8,8,2.6,-1
827,828,833,3.3,10,10,2.5,-1
828,829,831,4.0,1,10,1.4,-1
829,830,838,2.9,3,2,2.3,-1
830,831,835,2.2,2,8,2.1,-1
831,832,1599,4.1,10,4,2.6,-1
832,833,835,4.2,5,6,1.9,-1
833,834,844,2.3,0,6,2.0,-1
834,835,840,3.3,4,2,2.3,-1
835,836,837,2.4,2,8,2.1,-1
836,837,843,3.3,8,10,2.3,-1
837,838,845,3.2,0,2,1.9,-1
838,839,1606,3.1,1,10,1.7,-1
839,840,1607,3.8,5,8,2.0,-1
840,841,1608,2.0,6,8,2.6,-1
841,842,845,4.3,8,4,2.3,-1
842,843,844,3.7,2,8,1.7,-1
843,844,867,2.5,4,6,2.4,-1
844,845,847,2.8,2,2,2.3,-1
845,846,848,2.5,4,8,2.2,-1
846,847,852,2.9,1,6,1.9,-1
847,848,850,2.8,3,8,2.1,-1
848,849,851,3.8,3,8,1.8,-1
849,850,1617,2.3,4,2,2.6,-1
850,851,854,4.8,5,10,1.6,-1
851,852,1619,3.1,5,8,2.2,-1
852,853,855,3.0,10,10,2.6,-1
853,854,857,2.4,5,10,2.3,-1
854,855,1622,4.8,3,8,1.5,-1
855,856,860,2.9,6,6,2.4,-1
856,857,860,2.9,10,8,2.7,-1
857,858,1625,4.9,3,6,1.5,-1
858,859,860,3.1,6,6,2.4,-1
859,860,1627,2.3,9,4,3.0,-1
860,861,865,3.8,8,4,2.5,-1
861,862,875,4.0,8,2,2.5,-1
862,863,866,4.9,7,4,2.0,-1
863,864,870,3.3,4,2,2.3,-1
864,865,770,4.5,6,8,1.9,-1
865,866,867,2.4,4,4,2.5,-1
866,867,869,2.8,2,8,2.0,-1
867,868,871,4.4,1,8,1.4,-1
868,869,874,5.0,7,10,1.7,-1
869,870,775,3.2,8,8,2.4,-1
870,871,776,3.6,5,10,1.9,-1
871,872,874,3.8,1,2,1.9,-1
872,873,778,4.3,10,6,2.4,-1
873,874,779,2.5,9,2,3.0,-1
874,875,780,3.7,10,8,2.5,-1
875,876,877,4.9,5,8,1.6,-1
876,877,884,2.3,1,6,2.1,-1
877,878,783,2.7,8,10,2.5,-1
878,879,882,3.7,9,4,2.6,-1
879,880,785,3.3,6,8,2.2,-1
880,881,882,4.3,9,10,2.1,-1
881,882,888,2.5,0,8,1.9,-1
882,883,788,2.3,6,2,2.8,-1
883,884,887,2.3,2,6,2.2,-1
884,885,889,2.9,7,4,2.6,-1
885,886,887,3.6,5,8,2.0,-1
886,887,889,2.3,7,6,2.7,-1
887,888,793,2.2,0,2,2.2,-1
888,889,892,2.1,5,2,2.8,-1
889,890,899,4.0,2,4,1.8,-1
890,891,796,3.5,8,4,2.6,-1
891,892,895,3.0,6,8,2.3,-1
892,893,895,2.7,6,4,2.6,-1
893,894,903,2.6,10,8,2.8,-1
894,895,800,3.2,9,4,2.7,-1
895,896,904,3.3,6,8,2.2,-1
896,897,802,2.0,3,4,2.5,-1
897,898,902,2.8,1,10,1.8,-1
898,899,901,2.3,8,4,2.9,-1
899,900,903,3.1,3,8,2.0,-1
900,901,903,2.3,10,8,2.9,-1
901,902,807,3.6,10,6,2.6,-1
902,903,907,3.8,9,8,2.4,-1
903,904,906,3.8,5,6,2.1,-1
904,905,908,4.5,9,4,2.4,-1
905,906,811,4.4,4,10,1.6,-1
906,907,908,3.8,10,4,2.7,-1
907,908,909,2.9,3,6,2.1,-1
908,909,913,2.4,5,4,2.6,-1
909,910,917,3.5,6,10,2.1,-1
910,911,816,2.4,6,8,2.5,-1
911,912,817,2.6,10,10,2.7,-1
912,913,914,4.1,10,4,2.6,-1
913,914,918,3.7,7,6,2.3,-1
914,915,917,2.4,5,8,2.4,-1
915,916,821,3.9,5,2,2.2,-1
916,917,928,3.5,3,8,1.9,-1
917,918,823,4.9,8,8,1.9,-1
918,919,923,3.2,7,8,2.3,-1
919,920,933,4.1,7,8,2.1,-1
920,921,924,2.5,9,2,3.0,-1
921,922,924,4.4,3,6,1.7,-1
922,923,934,2.1,3,10,2.2,-1
923,924,925,2.9,7,10,2.3,-1
924,925,830,4.2,7,10,1.9,-1
925,926,831,3.5,9,2,2.8,-1
926,927,928,2.8,8,6,2.7,-1
927,928,931,3.6,0,8,1.5,-1
928,929,932,3.6,6,2,2.4,-1
929,930,835,4.2,10,4,2.5,-1
930,931,935,2.9,0,8,1.7,-1
931,932,935,2.8,1,8,1.9,-1
932,933,838,4.6,1,4,1.5,-1
933,934,935,2.6,9,6,2.8,-1
934,935,942,4.6,9,8,2.1,-1
935,936,937,2.5,2,4,2.2,-1
936,937,938,4.4,0,10,1.2,-1
937,938,843,3.1,4,10,2.0,-1
938,939,943,3.6,5,6,2.1,-1
939,940,948,2.9,4,10,2.0,-1
940,941,946,5.0,10,2,2.4,-1
941,942,944,2.4,6,2,2.8,-1
942,943,945,5.0,10,4,2.3,-1
943,944,950,4.1,2,4,1.8,-1
944,945,948,2.4,5,4,2.6,-1
945,946,949,4.3,10,8,2.3,-1
946,947,958,3.5,9,6,2.6,-1
947,948,853,3.9,6,8,2.0,-1
948,949,950,2.2,1,8,2.0,-1
949,950,951,3.5,4,6,2.1,-1
950,951,953,3.4,7,6,2.4,-1
951,952,970,3.7,1,8,1.6,-1
952,953,957,3.9,5,2,2.2,-1
953,954,955,4.4,6,4,2.1,-1
954,955,860,4.9,3,8,1.4,-1
955,956,861,2.8,4,6,2.3,-1
956,957,962,3.6,2,10,1.6,-1
957,958,962,4.6,5,2,2.0,-1
958,959,960,2.1,10,8,3.0,-1
959,960,962,2.0,2,8,2.2,-1
960,961,963,3.4,6,4,2.4,-1
961,962,963,5.0,2,6,1.4,-1
962,963,966,2.5,4,2,2.5,-1
963,964,965,4.0,4,2,2.1,-1
964,965,967,3.1,10,4,2.9,-1
965,966,968,2.2,10,6,3.0,-1
966,967,971,4.2,3,8,1.6,-1
967,968,873,4.0,1,2,1.8,-1
968,969,970,2.6,1,4,2.1,-1
969,970,974,3.8,8,8,2.3,-1
970,971,973,2.0,5,2,2.8,-1
971,972,976,5.0,6,4,1.9,-1
972,973,878,3.4,3,8,1.9,-1
973,974,979,2.3,1,2,2.3,-1
974,975,977,2.9,4,4,2.3,-1
975,976,977,3.1,2,4,2.1,-1
976,977,882,2.2,9,2,3.1,-1
977,978,883,3.8,2,8,1.7,-1
978,979,980,3.1,3,4,2.2,-1
979,980,985,4.8,9,8,2.1,-1
980,981,886,4.6,1,2,1.6,-1
981,982,983,2.4,1,10,1.9,-1
982,983,995,4.2,5,8,1.8,-1
983,984,986,2.9,2,4,2.1,-1
984,985,991,2.8,1,4,2.1,-1
985,986,891,3.7,9,10,2.3,-1
986,987,990,2.9,0,6,1.8,-1
987,988,991,2.6,9,10,2.6,-1
988,989,894,2.6,6,6,2.5,-1
989,990,895,3.9,3,8,1.7,-1
990,991,993,3.2,3,8,1.9,-1
991,992,995,3.9,1,10,1.4,-1
992,993,994,4.7,0,6,1.3,-1
993,994,997,4.8,2,8,1.4,-1
994,995,1004,4.6,9,8,2.1,-1
995,996,1001,3.1,10,4,2.9,-1
996,997,998,4.3,1,2,1.7,-1
997,998,999,3.8,0,6,1.6,-1
998,999,1003,2.6,0,8,1.8,-1
999,1000,1002,3.5,10,10,2.5,-1
1000,1001,1004,4.3,6,8,1.9,-1
1001,1002,907,2.2,8,10,2.6,-1
1002,1003,1004,3.8,4,2,2.2,-1
1003,1004,1021,2.9,8,4,2.7,-1
1004,1005,1011,4.9,2,10,1.2,-1
1005,1006,911,3.0,9,2,2.9,-1
1006,1007,912,2.9,6,4,2.5,-1
1007,1008,1010,2.2,1,8,2.0,-1
1008,1009,914,2.3,9,10,2.7,-1
1009,1010,915,2.2,10,4,3.1,-1
1010,1011,1012,2.4,2,2,2.4,-1
1011,1012,1015,2.5,5,10,2.2,-1
1012,1013,918,3.6,4,4,2.1,-1
1013,1014,1018,3.1,4,2,2.4,-1
1014,1015,920,4.3,0,6,1.4,-1
1015,1016,1023,4.4,4,10,1.6,-1
1016,1017,1018,2.2,9,2,3.1,-1
1017,1018,1021,3.5,8,6,2.5,-1
1018,1019,1034,2.2,9,4,3.0,-1
1019,1020,925,3.1,4,2,2.4,-1
1020,1021,1022,4.7,10,2,2.5,-1
1021,1022,1023,2.7,8,2,2.9,-1
1022,1023,1024,2.1,0,4,2.2,-1
1023,1024,1029,2.1,5,8,2.5,-1
1024,1025,1032,4.8,2,2,1.7,-1
1025,1026,931,3.7,10,8,2.5,-1
1026,1027,1030,2.7,3,8,2.1,-1
1027,1028,1029,4.7,5,6,1.8,-1
1028,1029,1034,4.5,9,6,2.2,-1
1029,1030,1031,2.4,10,2,3.2,-1
1030,1031,1034,2.5,8,2,3.0,-1
1031,1032,1040,4.9,1,8,1.2,-1
1032,1033,1034,4.6,4,6,1.7,-1
1033,1034,1036,2.3,7,2,2.9,-1
1034,1035,1036,3.1,4,10,2.0,-1
1035,1036,1038,4.4,9,4,2.4,-1
1036,1037,1043,3.4,9,8,2.5,-1
1037,1038,1039,5.0,3,10,1.3,-1
1038,1039,1040,4.3,3,4,1.8,-1
1039,1040,1041,2.0,6,2,2.9,-1
1040,1041,1043,2.7,5,2,2.6,-1
1041,1042,1047,4.9,0,8,1.1,-1
1042,1043,1044,4.5,4,2,1.9,-1
1043,1044,1047,2.6,3,8,2.1,-1
1044,1045,950,3.5,0,4,1.8,-1
1045,1046,1047,4.1,1,2,1.8,-1
1046,1047,1052,4.8,8,8,2.0,-1
1047,1048,953,4.1,5,8,1.9,-1
1048,1049,1054,4.9,1,10,1.1,-1
1049,1050,1051,2.3,2,8,2.1,-1
1050,1051,1057,2.2,9,2,3.1,-1
1051,1052,1059,3.3,2,4,2.0,-1
1052,1053,1062,2.9,5,8,2.2,-1
1053,1054,959,4.1,5,6,2.0,-1
1054,1055,960,3.4,3,2,2.2,-1
1055,1056,1057,4.8,2,10,1.3,-1
1056,1057,1059,2.3,1,4,2.2,-1
1057,1058,1064,3.3,5,8,2.1,-1
1058,1059,964,2.4,5,4,2.6,-1
1059,1060,965,3.4,7,6,2.4,-1
1060,1061,1065,4.6,1,4,1.5,-1
1061,1062,1073,4.4,4,10,1.6,-1
1062,1063,1066,2.1,5,4,2.7,-1
1063,1064,1074,2.3,3,6,2.3,-1
1064,1065,970,3.2,0,6,1.7,-1
1065,1066,1071,2.8,2,2,2.3,-1
1066,1067,972,4.9,7,10,1.7,-1
1067,1068,973,4.2,3,2,1.9,-1
1068,1069,1080,3.4,2,2,2.1,-1
1069,1070,1077,2.0,3,4,2.5,-1
1070,1071,1072,2.6,6,6,2.5,-1
1071,1072,1073,4.1,10,2,2.7,-1
1072,1073,1075,3.7,4,2,2.2,-1
1073,1074,979,2.1,1,4,2.3,-1
1074,1075,1082,4.7,7,4,2.1,-1
1075,1076,1079,2.3,5,2,2.7,-1
1076,1077,982,2.1,7,2,3.0,-1
1077,1078,983,2.5,9,8,2.8,-1
1078,1079,1084,4.5,6,8,1.9,-1
1079,1080,1082,2.1,10,8,3.0,-1
1080,1081,1083,2.5,3,4,2.4,-1
1081,1082,987,2.8,7,4,2.7,-1
1082,1083,1095,2.1,9,10,2.8,-1
1083,1084,1091,2.7,4,8,2.2,-1
1084,1085,1088,3.2,8,8,2.4,-1
1085,1086,1094,2.2,4,8,2.3,-1
1086,1087,992,2.4,3,10,2.1,-1
1087,1088,1090,2.7,8,2,2.9,-1
1088,1089,1095,5.0,5,8,1.6,-1
1089,1090,1102,3.6,7,6,2.3,-1
1090,1091,1093,4.7,8,6,2.1,-1
1091,1092,1095,3.2,2,2,2.1,-1
1092,1093,1096,3.0,3,2,2.3,-1
1093,1094,1107,4.7,4,2,1.9,-1
1094,1095,1097,4.4,7,10,1.9,-1
1095,1096,1001,3.1,9,4,2.8,-1
1096,1097,1105,4.9,1,4,1.4,-1
1097,1098,1110,4.0,4,10,1.7,-1
1098,1099,1101,4.4,0,4,1.5,-1
1099,1100,1102,3.7,6,6,2.2,-1
1100,1101,1104,4.8,2,4,1.6,-1
1101,1102,1007,2.7,5,6,2.4,-1
1102,1103,1008,4.7,0,6,1.3,-1
1103,1104,1114,4.8,9,4,2.3,-1
1104,1105,1108,3.7,3,8,1.8,-1
1105,1106,1011,3.6,2,8,1.7,-1
1106,1107,1108,2.1,0,4,2.2,-1
1107,1108,1112,3.8,0,10,1.4,-1
1108,1109,1111,3.4,5,10,2.0,-1
1109,1110,1111,2.6,2,6,2.1,-1
1110,1111,1113,4.2,5,2,2.1,-1
1111,1112,1117,2.1,9,4,3.1,-1
1112,1113,1122,4.3,8,6,2.2,-1
1113,1114,1115,4.9,5,8,1.6,-1
1114,1115,1020,3.8,5,6,2.1,-1
1115,1116,1118,3.0,2,8,1.9,-1
1116,1117,1022,4.4,7,6,2.1,-1
1117,1118,1023,2.5,8,10,2.5,-1
1118,1119,1121,4.4,3,10,1.5,-1
1119,1120,1127,4.4,6,6,2.0,-1
1120,1121,1122,4.2,4,4,1.9,-1
1121,1122,1129,2.5,0,10,1.8,-1
1122,1123,1028,3.2,9,2,2.8,-1
1123,1124,1129,2.5,5,10,2.2,-1
1124,1125,1127,2.7,9,2,3.0,-1
1125,1126,1031,4.8,2,6,1.5,-1
1126,1127,1128,4.2,3,6,1.7,-1
1127,1128,1132,4.9,2,2,1.6,-1
1128,1129,1133,4.5,10,6,2.3,-1
1129,1130,1035,3.3,4,4,2.2,-1
1130,1131,1134,2.7,1,6,2.0,-1
1131,1132,1037,2.8,1,2,2.2,-1
1132,1133,1134,2.1,7,8,2.7,-1
1133,1134,1140,4.9,6,8,1.7,-1
1134,1135,1138,4.6,5,10,1.6,-1
1135,1136,1139,3.1,7,10,2.3,-1
1136,1137,1146,4.0,10,4,2.6,-1
1137,1138,1139,2.5,1,2,2.2,-1
1138,1139,1144,2.9,5,6,2.3,-1
1139,1140,1143,4.9,1,6,1.3,-1
1140,1141,1145,2.5,6,4,2.6,-1
1141,1142,1047,4.2,8,2,2.4,-1
1142,1143,1146,3.0,9,8,2.6,-1
1143,1144,1146,4.1,6,4,2.2,-1
1144,1145,1146,3.8,6,4,2.3,-1
1145,1146,1149,2.2,5,4,2.6,-1
1146,1147,1052,4.9,6,10,1.6,-1
1147,1148,1159,4.2,8,6,2.2,-1
1148,1149,1154,4.0,4,4,2.0,-1
1149,1150,1055,2.3,6,10,2.4,-1
1150,1151,1158,3.6,7,4,2.4,-1
1151,1152,1057,2.2,0,8,1.9,-1
1152,1153,1155,2.3,10,10,2.8,-1
1153,1154,1158,3.4,1,2,2.0,-1
1154,1155,1060,2.6,10,6,2.9,-1
1155,1156,1158,4.9,7,2,2.1,-1
1156,1157,1168,2.9,6,8,2.3,-1
1157,1158,1160,3.5,10,6,2.7,-1
1158,1159,1161,2.3,8,8,2.7,-1
1159,1160,1163,2.6,6,6,2.5,-1
1160,1161,1165,2.6,0,6,1.9,-1
1161,1162,1168,3.3,4,4,2.2,-1
1162,1163,1164,4.5,9,2,2.4,-1
1163,1164,1069,2.5,10,2,3.1,-1
1164,1165,1169,2.3,5,10,2.3,-1
1165,1166,1168,3.2,9,4,2.7,-1
1166,1167,1072,3.7,6,10,2.0,-1
1167,1168,1073,3.3,8,8,2.4,-1
1168,1169,1182,3.7,3,8,1.8,-1
1169,1170,1171,2.9,6,2,2.6,-1
1170,1171,1172,3.5,8,10,2.2,-1
1171,1172,1173,4.0,9,4,2.5,-1
1172,1173,1178,2.4,7,4,2.8,-1
1173,1174,1176,4.8,2,4,1.6,-1
1174,1175,1176,4.4,2,2,1.8,-1
1175,1176,1177,3.3,10,8,2.6,-1
1176,1177,1179,2.6,10,4,3.0,-1
1177,1178,1188,4.5,4,6,1.8,-1
1178,1179,1180,4.7,1,2,1.6,-1
1179,1180,1183,3.2,6,10,2.1,-1
1180,1181,1183,3.0,4,10,2.0,-1
1181,1182,1186,3.4,0,10,1.5,-1
1182,1183,1088,3.8,6,2,2.4,-1
1183,1184,1089,3.2,2,10,1.7,-1
1184,1185,1090,3.8,1,2,1.9,-1
1185,1186,1187,3.7,1,6,1.7,-1
1186,1187,1196,4.6,5,8,1.7,-1
1187,1188,1201,2.8,10,8,2.8,-1
1188,1189,1094,3.7,7,2,2.5,-1
1189,1190,1095,2.5,6,4,2.6,-1
1190,1191,1196,3.9,10,8,2.4,-1
1191,1192,1199,2.1,5,4,2.7,-1
1192,1193,1098,2.1,7,6,2.8,-1
1193,1194,1195,4.7,0,6,1.3,-1
1194,1195,1199,4.5,4,6,1.8,-1
1195,1196,1101,2.8,7,2,2.8,-1
1196,1197,1102,4.9,3,4,1.6,-1
1197,1198,1199,2.9,7,6,2.5,-1
1198,1199,1201,2.8,6,10,2.3,-1
1199,1200,1202,3.9,3,8,1.7,-1
1200,1201,1203,2.6,6,8,2.4,-1
1201,1202,1213,4.3,5,2,2.1,-1
1202,1203,1213,3.5,2,2,2.0,-1
1203,1204,1206,2.9,8,8,2.5,-1
1204,1205,1206,2.4,8,10,2.6,-1
1205,1206,1111,2.1,3,4,2.5,-1
1206,1207,1112,4.5,3,2,1.8,-1
1207,1208,1212,3.4,5,4,2.3,-1
1208,1209,1220,2.8,7,10,2.4,-1
1209,1210,1212,3.2,1,2,2.0,-1
1210,1211,1213,2.7,7,10,2.4,-1
1211,1212,1219,3.3,7,10,2.2,-1
1212,1213,1217,3.7,5,4,2.2,-1
1213,1214,1217,4.5,4,2,1.9,-1
1214,1215,1219,2.9,6,2,2.6,-1
1215,1216,1219,2.5,9,4,3.0,-1
1216,1217,1218,4.6,10,4,2.4,-1
1217,1218,1224,4.0,4,8,1.8,-1
1218,1219,1220,3.5,10,2,2.9,-1
1219,1220,1125,3.4,2,4,2.0,-1
1220,1221,1227,3.8,0,4,1.7,-1
1221,1222,1224,2.8,4,6,2.3,-1
1222,1223,1233,3.3,6,6,2.3,-1
1223,1224,1229,3.4,3,8,1.9,-1
1224,1225,1230,2.9,8,10,2.4,-1
1225,1226,1230,3.2,1,2,2.0,-1
1226,1227,1230,3.5,10,6,2.7,-1
1227,1228,1230,3.7,9,10,2.3,-1
1228,1229,1237,2.8,10,2,3.1,-1
1229,1230,1231,3.4,5,6,2.2,-1
1230,1231,1235,3.9,4,6,1.9,-1
1231,1232,1137,4.0,10,6,2.5,-1
1232,1233,1236,2.6,8,4,2.8,-1
1233,1234,1237,4.7,9,8,2.1,-1
1234,1235,1236,4.0,10,4,2.6,-1
1235,1236,1237,4.2,10,8,2.3,-1
1236,1237,1241,5.0,4,8,1.5,-1
1237,1238,1240,3.2,0,10,1.5,-1
1238,1239,1244,4.1,9,4,2.5,-1
1239,1240,1243,3.0,3,10,1.9,-1
1240,1241,1243,3.9,7,6,2.2,-1
1241,1242,1147,3.5,2,10,1.7,-1
1242,1243,1148,2.5,1,8,2.0,-1
1243,1244,1245,2.4,4,10,2.2,-1
1244,1245,1257,4.3,2,6,1.6,-1
1245,1246,1251,4.0,3,6,1.8,-1
1246,1247,1249,2.7,4,8,2.2,-1
1247,1248,1250,4.4,5,6,1.9,-1
1248,1249,1256,2.8,4,8,2.2,-1
1249,1250,1155,4.6,7,2,2.2,-1
1250,1251,1253,4.6,9,10,2.0,-1
1251,1252,1255,4.8,1,8,1.3,-1
1252,1253,1158,4.7,8,2,2.3,-1
1253,1254,1257,4.6,6,10,1.7,-1
1254,1255,1256,2.9,0,4,1.9,-1
1255,1256,1161,2.4,3,6,2.3,-1
1256,1257,1263,3.2,9,8,2.5,-1
1257,1258,1259,2.4,2,2,2.4,-1
1258,1259,1164,3.5,10,4,2.8,-1
1259,1260,1262,2.9,0,2,2.0,-1
1260,1261,1166,3.4,3,4,2.1,-1
1261,1262,1266,3.7,2,8,1.7,-1
1262,1263,1264,4.4,1,4,1.6,-1
1263,1264,1265,3.8,10,8,2.5,-1
1264,1265,1268,3.2,7,8,2.3,-1
1265,1266,1267,2.0,8,4,3.0,-1
1266,1267,1268,4.2,0,6,1.4,-1
1267,1268,1275,4.3,8,4,2.3,-1
1268,1269,1174,2.1,0,4,2.2,-1
1269,1270,1273,2.7,5,6,2.4,-1
1270,1271,1272,2.4,6,10,2.4,-1
1271,1272,1276,3.8,2,2,2.0,-1
1272,1273,1277,4.5,4,6,1.8,-1
1273,1274,1275,3.4,8,10,2.3,-1
1274,1275,1282,3.6,6,4,2.3,-1
1275,1276,1283,3.0,7,6,2.5,-1
1276,1277,1281,4.3,2,8,1.5,-1
1277,1278,1279,2.1,3,4,2.5,-1
1278,1279,1286,2.6,0,10,1.7,-1
1279,1280,1185,3.5,1,6,1.8,-1
1280,1281,1282,4.1,0,8,1.4,-1
1281,1282,1285,4.6,4,10,1.5,-1
1282,1283,1188,3.9,9,2,2.6,-1
1283,1284,1288,4.0,10,2,2.7,-1
1284,1285,1286,2.1,1,8,2.1,-1
1285,1286,1288,3.3,1,10,1.6,-1
1286,1287,1192,2.8,2,4,2.2,-1
1287,1288,1291,4.1,10,2,2.7,-1
1288,1289,1296,2.9,10,2,3.0,-1
1289,1290,1195,4.0,4,10,1.7,-1
1290,1291,1196,3.8,2,8,1.7,-1
1291,1292,1294,4.5,1,10,1.2,-1
1292,1293,1295,4.2,1,6,1.5,-1
1293,1294,1301,2.3,1,8,2.0,-1
1294,1295,1303,2.6,3,6,2.2,-1
1295,1296,1300,4.5,3,6,1.6,-1
1296,1297,1299,4.1,4,4,2.0,-1
1297,1298,1203,2.1,7,4,2.9,-1
1298,1299,1306,4.1,7,6,2.2,-1
1299,1300,1205,2.7,0,2,2.1,-1
1300,1301,1314,4.7,9,8,2.1,-1
1301,1302,1207,2.4,1,10,1.9,-1
1302,1303,1304,2.2,1,6,2.1,-1
1303,1304,1308,3.9,7,6,2.2,-1
1304,1305,1210,2.8,0,2,2.1,-1
1305,1306,1307,4.4,0,6,1.4,-1
1306,1307,1308,3.1,10,6,2.8,-1
1307,1308,1313,3.3,1,2,2.0,-1
1308,1309,1214,4.6,0,2,1.5,-1
1309,1310,1311,4.6,10,4,2.4,-1
1310,1311,1216,3.0,7,10,2.3,-1
1311,1312,1217,2.8,1,6,2.0,-1
1312,1313,1319,4.4,2,2,1.8,-1
1313,1314,1318,3.2,7,6,2.4,-1
1314,1315,1317,4.5,7,8,1.9,-1
1315,1316,1320,3.9,2,2,1.9,-1
1316,1317,1321,2.4,0,4,2.1,-1
1317,1318,1223,2.3,9,8,2.8,-1
1318,1319,1224,4.4,10,8,2.3,-1
1319,1320,1321,2.5,6,6,2.5,-1
1320,1321,1325,3.8,10,4,2.7,-1
1321,1322,1324,3.4,7,2,2.6,-1
1322,1323,1228,4.7,7,2,2.2,-1
1323,1324,1229,2.2,10,6,3.0,-1
1324,1325,1326,2.0,10,10,2.9,-1
1325,1326,1327,4.3,9,10,2.1,-1
1326,1327,1232,2.7,10,6,2.9,-1
1327,1328,1332,3.6,9,2,2.7,-1
1328,1329,1330,3.3,3,8,1.9,-1
1329,1330,1331,3.0,10,8,2.7,-1
1330,1331,1236,2.4,8,10,2.6,-1
1331,1332,1333,2.2,10,4,3.1,-1
1332,1333,1238,3.5,7,8,2.2,-1
1333,1334,1341,4.6,1,8,1.3,-1
1334,1335,1336,3.0,5,6,2.3,-1
1335,1336,1241,2.2,3,10,2.1,-1
1336,1337,1242,3.9,6,4,2.2,-1
1337,1338,1340,2.2,7,10,2.5,-1
1338,1339,1340,3.3,7,8,2.3,-1
1339,1340,1341,2.9,7,2,2.7,-1
1340,1341,1342,2.3,6,2,2.8,-1
1341,1342,1343,3.7,0,2,1.8,-1
1342,1343,1348,4.4,9,6,2.3,-1
1343,1344,1345,4.7,8,4,2.2,-1
1344,1345,1250,4.0,7,6,2.2,-1
1345,1346,1360,3.1,0,4,1.9,-1
1346,1347,1351,4.5,5,10,1.6,-1
1347,1348,1365,4.3,9,8,2.2,-1
1348,1349,1356,4.1,5,8,1.9,-1
1349,1350,1352,2.3,10,4,3.1,-1
1350,1351,1361,2.0,5,6,2.6,-1
1351,1352,1257,3.6,5,2,2.3,-1
1352,1353,1366,2.1,2,8,2.2,-1
1353,1354,1360,2.4,6,2,2.8,-1
1354,1355,1357,2.8,3,4,2.3,-1
1355,1356,1261,2.4,6,4,2.7,-1
1356,1357,1262,3.4,3,6,2.0,-1
1357,1358,1362,2.3,6,2,2.8,-1
1358,1359,1365,4.8,10,10,2.1,-1
1359,1360,1364,2.4,7,8,2.6,-1
1360,1361,1367,4.0,8,4,2.4,-1
1361,1362,1267,4.9,0,10,1.0,-1
1362,1363,1376,4.2,8,8,2.1,-1
1363,1364,1368,4.5,7,10,1.8,-1
1364,1365,1367,4.3,2,10,1.4,-1
1365,1366,1271,2.5,2,2,2.4,-1
1366,1367,1370,3.2,9,10,2.4,-1
1367,1368,1273,4.6,8,8,2.0,-1
1368,1369,1370,3.3,9,4,2.7,-1
1369,1370,1371,2.8,5,6,2.4,-1
1370,1371,1373,3.4,2,4,2.0,-1
1371,1372,1277,3.2,8,6,2.5,-1
1372,1373,1375,4.5,8,6,2.1,-1
1373,1374,1376,4.1,8,4,2.4,-1
1374,1375,1377,2.6,9,6,2.8,-1
1375,1376,1281,4.1,10,4,2.6,-1
1376,1377,1382,4.9,10,4,2.3,-1
1377,1378,1283,3.5,10,6,2.7,-1
1378,1379,1380,4.1,5,10,1.8,-1
1379,1380,1381,3.4,9,8,2.5,-1
1380,1381,1286,4.0,8,6,2.3,-1
1381,1382,1385,4.6,6,2,2.1,-1
1382,1383,1288,3.6,0,8,1.5,-1
1383,1384,1385,2.4,10,2,3.2,-1
1384,1385,1390,2.6,2,6,2.1,-1
1385,1386,1291,4.1,2,2,1.9,-1
1386,1387,1388,4.1,4,4,2.0,-1
1387,1388,1393,4.3,0,6,1.4,-1
1388,1389,1294,4.4,1,10,1.3,-1
1389,1390,1392,4.6,8,4,2.2,-1
1390,1391,1394,4.2,8,8,2.1,-1
1391,1392,1398,2.7,4,2,2.5,-1
1392,1393,1399,4.8,6,8,1.8,-1
1393,1394,1395,4.9,10,6,2.2,-1
1394,1395,1396,4.9,0,2,1.4,-1
1395,1396,1403,4.2,3,10,1.5,-1
1396,1397,1404,4.6,7,4,2.1,-1
1397,1398,1303,4.7,10,6,2.3,-1
1398,1399,1402,4.3,8,10,2.0,-1
1399,1400,1410,2.6,3,6,2.2,-1
1400,1401,1403,3.3,10,2,2.9,-1
1401,1402,1307,2.6,2,10,1.9,-1
1402,1403,1404,2.4,0,8,1.9,-1
1403,1404,1406,2.8,4,4,2.4,-1
1404,1405,1408,2.5,4,2,2.5,-1
1405,1406,1411,3.0,2,2,2.2,-1
1406,1407,1411,2.5,5,10,2.2,-1
1407,1408,1410,2.2,10,10,2.8,-1
1408,1409,1411,4.5,4,8,1.6,-1
1409,1410,1315,4.4,8,6,2.2,-1
1410,1411,1316,2.2,5,10,2.3,-1
1411,1412,1415,2.7,2,10,1.9,-1
1412,1413,1419,2.2,8,4,2.9,-1
1413,1414,1423,3.2,8,8,2.4,-1
1414,1415,1416,2.3,3,4,2.4,-1
1415,1416,1321,4.0,5,6,2.0,-1
1416,1417,1422,2.9,9,10,2.5,-1
1417,1418,1419,3.4,8,2,2.7,-1
1418,1419,1432,2.3,5,8,2.4,-1
1419,1420,1325,2.7,10,10,2.7,-1
1420,1421,1326,4.8,3,2,1.8,-1
1421,1422,1427,4.0,5,8,1.9,-1
1422,1423,1328,4.7,1,8,1.3,-1
1423,1424,1434,2.8,4,2,2.5,-1
1424,1425,1426,4.7,5,10,1.6,-1
1425,1426,1428,4.4,7,8,2.0,-1
1426,1427,1332,2.1,10,4,3.2,-1
1427,1428,1333,3.0,1,2,2.1,-1
1428,1429,1441,2.5,8,10,2.5,-1
1429,1430,1431,2.0,1,4,2.3,-1
1430,1431,1432,4.0,3,8,1.7,-1
1431,1432,1436,4.5,3,10,1.4,-1
1432,1433,1446,4.5,6,2,2.1,-1
1433,1434,1339,4.2,2,2,1.8,-1
1434,1435,1340,3.4,5,2,2.4,-1
1435,1436,1437,2.3,0,4,2.1,-1
1436,1437,1441,4.4,8,2,2.4,-1
1437,1438,1343,3.7,3,6,1.9,-1
1438,1439,1445,3.2,7,8,2.3,-1
1439,1440,1441,3.3,0,8,1.6,-1
1440,1441,1443,4.0,8,2,2.5,-1
1441,1442,1443,3.9,9,2,2.6,-1
1442,1443,1348,4.3,9,2,2.5,-1
1443,1444,1349,4.1,1,6,1.6,-1
1444,1445,1458,4.8,1,6,1.4,-1
1445,1446,1447,4.4,4,10,1.6,-1
1446,1447,1352,2.3,7,8,2.6,-1
1447,1448,1449,3.2,10,2,2.9,-1
1448,1449,1451,3.4,8,4,2.6,-1
1449,1450,1454,2.4,6,10,2.4,-1
1450,1451,1356,2.9,10,4,2.9,-1
1451,1452,1465,2.9,10,6,2.8,-1
1452,1453,1463,4.9,0,10,1.0,-1
1453,1454,1359,4.6,2,2,1.7,-1
1454,1455,1360,2.1,9,10,2.8,-1
1455,1456,1457,3.2,8,2,2.7,-1
1456,1457,1459,2.9,5,4,2.4,-1
1457,1458,1459,3.2,10,10,2.5,-1
1458,1459,1461,2.4,2,4,2.3,-1
1459,1460,1473,3.9,4,4,2.0,-1
1460,1461,1464,2.3,10,10,2.8,-1
1461,1462,1367,4.6,8,8,2.0,-1
1462,1463,1470,3.9,1,6,1.6,-1
1463,1464,1369,4.0,4,2,2.1,-1
1464,1465,1370,2.6,9,8,2.7,-1
1465,1466,1474,4.9,5,4,1.8,-1
1466,1467,1372,4.0,3,2,2.0,-1
1467,1468,1471,2.9,1,4,2.0,-1
1468,1469,1482,3.0,7,6,2.5,-1
1469,1470,1375,3.8,4,10,1.8,-1
1470,1471,1472,2.5,9,6,2.9,-1
1471,1472,1474,4.4,6,4,2.1,-1
1472,1473,1475,2.0,3,4,2.5,-1
1473,1474,1483,4.1,10,8,2.4,-1
1474,1475,1480,2.8,5,4,2.5,-1
1475,1476,1485,4.0,5,8,1.9,-1
1476,1477,1479,3.4,5,6,2.2,-1
1477,1478,1483,3.5,1,4,1.9,-1
1478,1479,1483,3.9,1,6,1.6,-1
1479,1480,1481,4.6,2,10,1.3,-1
1480,1481,1483,2.6,10,2,3.1,-1
1481,1482,1488,4.2,0,10,1.2,-1
1482,1483,1484,3.9,9,10,2.2,-1
1483,1484,1389,3.2,9,4,2.7,-1
1484,1485,1487,4.7,8,6,2.1,-1
1485,1486,1502,3.6,8,8,2.3,-1
1486,1487,1392,4.0,2,6,1.7,-1
1487,1488,1393,3.2,9,6,2.6,-1
1488,1489,1490,2.4,8,10,2.6,-1
1489,1490,1493,2.3,5,10,2.3,-1
1490,1491,1501,2.0,3,10,2.2,-1
1491,1492,1495,4.1,8,4,2.4,-1
1492,1493,1496,3.3,2,10,1.7,-1
1493,1494,1498,4.8,10,4,2.4,-1
1494,1495,1496,4.2,7,6,2.1,-1
1495,1496,1501,2.1,7,4,2.9,-1
1496,1497,1503,2.2,5,4,2.6,-1
1497,1498,1499,2.1,3,10,2.2,-1
1498,1499,1500,4.7,5,8,1.7,-1
1499,1500,1501,3.4,7,2,2.6,-1
1500,1501,1506,2.1,10,6,3.1,-1
1501,1502,1506,2.3,8,6,2.8,-1
1502,1503,1504,4.5,4,10,1.5,-1
1503,1504,1409,3.6,2,8,1.7,-1
1504,1505,1511,4.0,5,10,1.8,-1
1505,1506,1511,4.0,1,10,1.4,-1
1506,1507,1511,2.8,3,10,2.0,-1
1507,1508,1413,3.2,5,8,2.1,-1
1508,1509,1414,4.4,9,2,2.5,-1
1509,1510,1415,3.5,2,8,1.8,-1
1510,1511,1416,2.5,1,10,1.9,-1
1511,1512,1513,3.9,3,4,1.9,-1
1512,1513,1515,2.6,5,10,2.2,-1
1513,1514,1419,4.2,1,4,1.6,-1
1514,1515,1517,3.2,5,2,2.4,-1
1515,1516,1519,3.4,7,8,2.3,-1
1516,1517,1422,2.6,2,8,2.0,-1
1517,1518,1524,2.1,0,4,2.2,-1
1518,1519,1520,3.7,2,4,1.9,-1
1519,1520,1425,3.9,0,10,1.3,-1
1520,1521,1522,2.4,2,6,2.2,-1
1521,1522,1427,4.8,8,8,2.0,-1
1522,1523,1526,3.8,9,2,2.7,-1
1523,1524,1532,4.6,10,6,2.3,-1
1524,1525,1528,4.8,3,8,1.5,-1
1525,1526,1530,3.8,7,8,2.2,-1
1526,1527,1528,2.5,6,10,2.4,-1
1527,1528,1433,2.4,9,4,3.0,-1
1528,1529,1530,3.9,8,6,2.3,-1
1529,1530,1435,2.5,10,6,3.0,-1
1530,1531,1436,4.8,9,10,2.0,-1
1531,1532,1533,2.2,6,8,2.5,-1
1532,1533,1537,2.4,0,4,2.1,-1
1533,1534,1537,3.6,8,8,2.3,-1
1534,1535,1538,4.5,9,2,2.4,-1
1535,1536,1543,2.5,9,10,2.6,-1
1536,1537,1539,2.1,8,10,2.7,-1
1537,1538,1539,4.3,1,8,1.4,-1
1538,1539,1444,4.0,9,10,2.2,-1
1539,1540,1549,4.5,10,8,2.2,-1
1540,1541,1542,3.6,5,2,2.3,-1
1541,1542,1545,4.1,6,4,2.2,-1
1542,1543,1547,4.8,7,8,1.9,-1
1543,1544,1552,3.1,9,2,2.9,-1
1544,1545,1555,3.3,4,8,2.0,-1
1545,1546,1565,4.3,1,6,1.5,-1
1546,1547,1552,3.8,8,8,2.3,-1
1547,1548,1551,2.8,0,2,2.1,-1
1548,1549,1550,3.7,1,10,1.5,-1
1549,1550,1455,2.0,10,4,3.2,-1
1550,1551,1557,4.1,5,8,1.9,-1
1551,1552,1457,3.1,2,8,1.9,-1
1552,1553,1560,4.0,4,6,1.9,-1
1553,1554,1556,4.6,6,10,1.7,-1
1554,1555,1558,3.1,4,8,2.1,-1
1555,1556,1559,4.3,6,10,1.8,-1
1556,1557,1462,4.4,7,4,2.2,-1
1557,1558,1559,3.1,8,8,2.5,-1
1558,1559,1560,2.8,4,10,2.1,-1
1559,1560,1565,3.0,6,4,2.5,-1
1560,1561,1466,4.6,10,2,2.5,-1
1561,1562,1467,4.2,7,4,2.2,-1
1562,1563,1468,2.3,8,8,2.7,-1
1563,1564,1574,4.4,8,10,2.0,-1
1564,1565,1575,4.1,0,4,1.6,-1
1565,1566,1575,3.2,10,2,2.9,-1
1566,1567,1472,4.4,2,8,1.5,-1
1567,1568,1572,4.8,6,2,2.1,-1
1568,1569,1572,2.2,3,6,2.3,-1
1569,1570,1572,2.2,0,8,1.9,-1
1570,1571,1580,4.8,6,10,1.7,-1
1571,1572,1576,4.0,4,10,1.7,-1
1572,1573,1478,2.2,2,8,2.1,-1
1573,1574,1577,3.3,3,10,1.8,-1
1574,1575,1480,2.9,0,10,1.6,-1
1575,1576,1586,3.5,3,10,1.8,-1
1576,1577,1584,2.5,0,6,1.9,-1
1577,1578,1607,2.7,0,4,2.0,-1
1578,1579,1580,2.3,4,8,2.3,-1
1579,1580,1485,3.1,6,8,2.3,-1
1580,1581,1583,3.8,8,2,2.6,-1
1581,1582,1591,4.2,1,2,1.7,-1
1582,1583,1488,3.6,8,10,2.2,-1
1583,1584,1588,3.0,4,4,2.3,-1
1584,1585,1586,3.8,3,8,1.8,-1
1585,1586,1593,4.8,9,2,2.4,-1
1586,1587,1594,2.8,6,10,2.3,-1
1587,1588,1591,2.3,1,10,1.9,-1
1588,1589,1591,2.9,1,10,1.7,-1
1589,1590,1596,4.9,8,10,1.8,-1
1590,1591,1598,2.8,7,8,2.5,-1
1591,1592,1593,3.7,3,6,1.9,-1
1592,1593,1596,4.9,7,8,1.8,-1
1593,1594,1595,4.7,0,8,1.2,-1
1594,1595,1596,2.3,1,8,2.0,-1
1595,1596,1501,3.9,3,4,1.9,-1
1596,1597,1598,4.4,6,6,2.0,-1
1597,1598,1600,3.5,0,6,1.7,-1
1598,1599,1504,2.7,1,8,1.9,-1
1599,1600,1602,4.0,5,2,2.2,-1
1600,1601,1608,3.7,2,8,1.7,-1
1601,1602,1611,2.9,3,10,1.9,-1
1602,1603,1608,2.8,10,4,3.0,-1
1603,1604,1509,3.5,3,4,2.1,-1
1604,1605,1510,4.2,4,4,1.9,-1
1605,1606,1607,2.7,3,10,2.0,-1
1606,1607,1618,3.1,1,2,2.1,-1
1607,1608,1609,4.8,10,8,2.2,-1
1608,1609,1617,3.8,8,2,2.6,-1
1609,1610,1615,4.5,5,10,1.6,-1
1610,1611,1516,2.9,9,6,2.7,-1
1611,1612,1517,3.5,8,6,2.5,-1
1612,1613,1518,3.2,9,4,2.7,-1
1613,1614,1519,2.2,6,8,2.5,-1
1614,1615,1616,4.8,0,10,1.1,-1
1615,1616,1521,3.0,10,4,2.9,-1
1616,1617,1522,3.4,1,10,1.6,-1
1617,1618,1523,3.4,0,2,1.9,-1
1618,1619,1524,4.0,6,10,1.9,-1
1619,1620,1525,2.3,5,10,2.3,-1
1620,1621,1622,4.6,2,10,1.3,-1
1621,1622,1623,2.8,4,8,2.2,-1
1622,1623,1528,4.9,5,6,1.7,-1
1623,1624,1529,2.6,6,4,2.6,-1
1624,1625,1530,3.3,5,6,2.2,-1
1625,1626,1531,4.6,4,8,1.6,-1
1626,1627,1628,2.5,2,10,1.9,-1
1627,1628,1533,4.1,1,6,1.6,-1
1628,1629,1630,4.4,8,8,2.1,-1
1629,1630,1639,4.6,3,4,1.7,-1
1630,1631,1635,4.4,2,8,1.5,-1
1631,1632,1635,4.4,2,8,1.5,-1
1632,1633,1637,3.5,10,10,2.5,-1
1633,1634,1637,3.6,5,8,2.0,-1
1634,1635,1650,2.9,8,10,2.4,-1
1635,1636,1637,2.1,1,4,2.3,-1
1636,1637,1638,2.2,4,8,2.3,-1
1637,1638,1656,4.5,1,8,1.4,-1
1638,1639,1644,4.2,4,6,1.8,-1
1639,1640,1652,3.1,8,6,2.6,-1
1640,1641,1642,3.0,6,2,2.6,-1
1641,1642,1654,3.1,10,10,2.6,-1
1642,1643,1648,2.6,9,10,2.6,-1
1643,1644,1650,2.5,4,6,2.4,-1
1644,1645,1650,3.0,8,8,2.5,-1
1645,1646,1650,4.3,7,2,2.3,-1
1646,1647,1648,3.1,4,8,2.1,-1
1647,1648,1651,3.9,2,4,1.8,-1
1648,1649,1844,3.9,5,8,1.9,-1
1649,1650,1654,3.9,9,8,2.3,-1
1650,1651,1654,4.5,1,2,1.6,-1
1651,1652,1653,2.5,3,6,2.2,-1
1652,1653,1655,3.0,4,6,2.2,-1
1653,1654,1657,3.8,6,6,2.2,-1
1654,1655,1663,4.7,5,10,1.6,-1
1655,1656,1658,3.6,7,8,2.2,-1
1656,1657,1658,2.5,0,4,2.0,-1
1657,1658,1661,4.2,10,6,2.4,-1
1658,1659,1666,4.8,1,4,1.5,-1
1659,1660,1665,2.5,1,2,2.2,-1
1660,1661,1662,2.2,7,10,2.5,-1
1661,1662,1665,2.2,6,10,2.4,-1
1662,1663,1669,4.3,1,2,1.7,-1
1663,1664,1667,2.8,2,2,2.3,-1
1664,1665,1682,4.0,6,6,2.1,-1
1665,1666,1668,2.7,4,8,2.2,-1
1666,1667,1673,3.9,2,10,1.5,-1
1667,1668,1670,4.5,0,2,1.5,-1
1668,1669,1673,4.0,5,8,1.9,-1
1669,1670,1671,3.4,8,6,2.5,-1
1670,1671,1694,3.6,2,10,1.6,-1
1671,1672,1678,2.5,9,8,2.8,-1
1672,1673,1675,3.9,10,10,2.3,-1
1673,1674,1630,3.3,10,10,2.5,-1
1674,1675,1631,2.9,5,8,2.2,-1
1675,1676,1677,3.6,1,8,1.6,-1
1676,1677,1679,2.9,6,6,2.4,-1
1677,1678,1682,2.5,0,2,2.1,-1
1678,1679,1681,3.6,2,6,1.8,-1
1679,1680,1690,2.9,8,2,2.8,-1
1680,1681,1690,4.1,7,8,2.1,-1
1681,1682,1689,2.9,6,6,2.4,-1
1682,1683,1684,3.8,0,10,1.4,-1
1683,1684,1687,3.1,6,10,2.2,-1
1684,1685,1692,3.3,3,4,2.1,-1
1685,1686,1688,4.1,10,8,2.4,-1
1686,1687,1689,4.5,3,6,1.6,-1
1687,1688,1689,2.2,10,4,3.1,-1
1688,1689,1690,3.5,9,6,2.6,-1
1689,1690,1696,2.9,8,6,2.6,-1
1690,1691,1692,3.2,1,4,1.9,-1
1691,1692,1696,2.4,1,8,2.0,-1
1692,1693,1701,3.9,4,10,1.7,-1
1693,1694,1696,3.5,5,2,2.4,-1
1694,1695,1698,2.5,8,2,3.0,-1
1695,1696,1698,2.6,1,6,2.0,-1
1696,1697,1698,2.8,7,2,2.8,-1
1697,1698,1701,2.7,2,2,2.3,-1
1698,1699,1709,3.5,5,8,2.1,-1
1699,1700,1701,2.9,7,6,2.5,-1
1700,1701,1705,3.4,0,6,1.7,-1
1701,1702,1713,2.2,2,2,2.4,-1
1702,1703,1712,2.8,6,2,2.7,-1
1703,1704,1709,3.6,2,4,1.9,-1
1704,1705,1708,4.7,4,8,1.6,-1
1705,1706,1727,4.5,1,4,1.6,-1
1706,1707,1710,3.2,7,4,2.5,-1
1707,1708,1718,4.2,0,4,1.5,-1
1708,1709,1715,3.4,1,10,1.6,-1
1709,1710,1711,4.0,3,8,1.7,-1
1710,1711,1715,3.2,4,6,2.1,-1
1711,1712,1718,2.5,0,10,1.8,-1
1712,1713,1714,3.6,4,8,1.9,-1
1713,1714,1718,3.9,3,6,1.8,-1
1714,1715,1719,4.7,10,4,2.4,-1
1715,1716,1718,4.9,3,8,1.4,-1
1716,1717,1719,3.0,2,6,2.0,-1
1717,1718,1723,3.8,6,4,2.3,-1
1718,1719,1721,2.0,0,10,1.9,-1
1719,1720,1721,4.4,7,10,1.9,-1
1720,1721,1726,2.5,1,4,2.1,-1
1721,1722,1678,2.5,1,10,1.9,-1
1722,1723,1732,3.0,10,2,3.0,-1
1723,1724,1680,2.2,10,4,3.1,-1
1724,1725,1728,4.1,1,4,1.7,-1
1725,1726,1734,3.5,5,10,2.0,-1
1726,1727,1729,4.4,5,8,1.8,-1
1727,1728,1684,4.2,0,8,1.3,-1
1728,1729,1731,3.1,2,6,2.0,-1
1729,1730,1734,4.7,7,8,1.9,-1
1730,1731,1736,3.7,8,8,2.3,-1
1731,1732,1688,2.6,2,10,1.9,-1
1732,1733,1736,3.0,7,6,2.5,-1
1733,1734,1739,4.6,9,10,2.0,-1
1734,1735,1738,2.5,8,4,2.9,-1
1735,1736,1738,3.3,4,10,1.9,-1
1736,1737,1746,3.1,0,10,1.6,-1
1737,1738,1748,3.1,2,2,2.2,-1
1738,1739,1695,3.9,5,10,1.8,-1
1739,1740,1746,2.7,1,10,1.8,-1
1740,1741,1745,4.5,3,10,1.4,-1
1741,1742,1745,4.0,8,4,2.4,-1
1742,1743,1699,3.8,5,8,2.0,-1
1743,1744,1747,3.9,1,2,1.8,-1
1744,1745,1749,3.6,1,2,1.9,-1
1745,1746,1702,4.5,2,4,1.6,-1
1746,1747,1751,4.6,3,2,1.8,-1
1747,1748,1755,3.5,1,2,2.0,-1
1748,1749,1750,3.7,6,8,2.1,-1
1749,1750,1751,3.6,9,6,2.5,-1
1750,1751,1752,2.1,3,10,2.2,-1
1751,1752,1767,4.2,0,4,1.5,-1
1752,1753,1754,4.0,1,8,1.5,-1
1753,1754,1756,4.4,0,6,1.4,-1
1754,1755,1764,3.7,6,6,2.2,-1
1755,1756,1759,4.4,0,10,1.2,-1
1756,1757,1763,2.8,0,2,2.1,-1
1757,1758,1767,4.5,1,4,1.6,-1
1758,1759,1771,4.9,1,2,1.5,-1
1759,1760,1768,4.2,8,8,2.1,-1
1760,1761,1717,2.6,8,4,2.8,-1
1761,1762,1766,3.7,2,10,1.6,-1
1762,1763,1781,4.2,6,2,2.2,-1
1763,1764,1765,4.3,9,6,2.3,-1
1764,1765,1772,4.0,10,8,2.4,-1
1765,1766,1767,4.6,2,4,1.6,-1
1766,1767,1769,3.6,8,6,2.4,-1
1767,1768,1769,4.0,8,10,2.1,-1
1768,1769,1770,3.3,5,6,2.2,-1
1769,1770,1771,3.7,5,6,2.1,-1
1770,1771,1773,3.2,10,8,2.6,-1
1771,1772,1773,4.5,5,10,1.6,-1
1772,1773,1774,2.7,8,4,2.8,-1
1773,1774,1781,3.1,8,6,2.6,-1
1774,1775,1782,3.1,7,8,2.4,-1
1775,1776,1780,4.9,0,2,1.4,-1
1776,1777,1778,4.9,9,2,2.3,-1
1777,1778,1734,3.6,4,2,2.2,-1
1778,1779,1783,2.9,3,4,2.2,-1
1779,1780,1786,4.6,0,6,1.3,-1
1780,1781,1790,4.8,8,10,1.9,-1
1781,1782,1783,3.7,9,4,2.6,-1
1782,1783,1793,2.3,7,6,2.7,-1
1783,1784,1790,2.5,4,6,2.4,-1
1784,1785,1786,4.7,3,4,1.7,-1
1785,1786,1788,2.8,4,2,2.5,-1
1786,1787,1794,3.7,9,4,2.6,-1
1787,1788,1796,4.2,5,8,1.8,-1
1788,1789,1793,2.5,9,2,3.0,-1
1789,1790,1814,3.8,4,2,2.2,-1
1790,1791,1792,4.2,9,8,2.2,-1
1791,1792,1797,2.2,0,6,2.0,-1
1792,1793,1804,3.0,6,8,2.3,-1
1793,1794,1750,4.8,1,4,1.5,-1
1794,1795,1807,4.2,9,2,2.5,-1
1795,1796,1797,3.9,10,8,2.4,-1
1796,1797,1799,2.2,8,2,3.0,-1
1797,1798,1801,3.0,9,4,2.8,-1
1798,1799,1800,3.0,3,4,2.2,-1
1799,1800,1804,2.2,6,8,2.5,-1
1800,1801,1809,4.3,9,10,2.1,-1
1801,1802,1810,2.3,6,6,2.6,-1
1802,1803,1804,4.4,2,4,1.7,-1
1803,1804,1814,3.0,7,10,2.3,-1
1804,1805,1813,4.2,8,8,2.1,-1
1805,1806,1813,2.8,6,10,2.3,-1
1806,1807,1808,3.3,2,4,2.0,-1
1807,1808,1816,3.4,3,8,1.9,-1
1808,1809,1811,3.2,9,4,2.7,-1
1809,1810,1812,3.7,8,4,2.5,-1
1810,1811,1812,2.7,4,8,2.2,-1
1811,1812,1768,3.0,9,2,2.9,-1
1812,1813,1821,2.3,6,8,2.5,-1
1813,1814,1817,3.1,3,6,2.1,-1
1814,1815,1825,3.0,10,2,3.0,-1
1815,1816,1830,4.3,2,6,1.6,-1
1816,1817,1819,3.8,7,10,2.1,-1
1817,1818,1821,2.4,0,4,2.1,-1
1818,1819,1824,2.6,5,4,2.5,-1
1819,1820,1828,4.3,1,2,1.7,-1
1820,1821,1822,4.2,3,10,1.5,-1
1821,1822,1824,4.8,4,2,1.9,-1
1822,1823,1829,3.0,1,6,1.9,-1
1823,1824,1833,3.4,0,6,1.7,-1
1824,1825,1826,2.6,8,4,2.8,-1
1825,1826,1827,2.6,8,6,2.7,-1
1826,1827,1828,3.6,9,4,2.6,-1
1827,1828,1784,4.1,10,2,2.7,-1
1828,1829,1830,3.1,10,10,2.6,-1
1829,1830,1831,2.1,2,2,2.5,-1
1830,1831,1787,2.9,9,6,2.7,-1
1831,1832,1837,2.2,10,2,3.2,-1
1832,1833,1789,2.2,10,6,3.0,-1
1833,1834,1835,4.0,10,6,2.5,-1
1834,1835,1837,4.6,0,6,1.3,-1
1835,1836,1840,4.6,10,8,2.2,-1
1836,1837,1840,2.7,6,10,2.3,-1
1837,1838,1794,4.9,1,6,1.3,-1
1838,1839,1843,3.5,9,10,2.4,-1
1839,1840,1841,2.3,3,10,2.1,-1
1840,1841,1845,4.9,8,2,2.2,-1
1841,1842,1858,2.1,8,6,2.9,-1
1842,1843,1847,3.0,6,4,2.5,-1
1843,1844,1859,2.1,10,6,3.1,-1
1844,1845,1851,3.1,4,4,2.3,-1
1845,1846,1849,5.0,8,6,2.0,-1
1846,1847,1849,4.4,10,6,2.4,-1
1847,1848,1849,4.6,0,10,1.1,-1
1848,1849,1850,4.8,3,4,1.7,-1
1849,1850,1851,3.0,6,4,2.5,-1
1850,1851,1859,2.3,6,10,2.4,-1
1851,1852,1855,4.9,9,4,2.2,-1
1852,1853,1860,3.3,9,4,2.7,-1
1853,1854,1866,3.3,4,10,1.9,-1
1854,1855,1862,3.0,8,4,2.7,-1
1855,1856,1862,2.6,2,10,1.9,-1
1856,1857,1813,3.6,3,4,2.0,-1
1857,1858,1859,2.9,8,4,2.7,-1
1858,1859,1860,3.3,2,10,1.7,-1
1859,1860,1864,4.8,5,2,2.0,-1
1860,1861,1863,3.7,1,4,1.8,-1
1861,1862,1865,3.0,2,2,2.2,-1
1862,1863,1819,4.3,6,8,1.9,-1
1863,1864,1865,2.9,10,6,2.8,-1
1864,1865,1866,2.5,3,2,2.5,-1
1865,1866,1867,2.4,0,10,1.8,-1
1866,1867,1823,3.9,9,10,2.2,-1
1867,1868,1870,3.8,9,4,2.6,-1
1868,1869,2013,2.7,0,6,1.9,-1
1869,1870,1879,2.2,7,4,2.8,-1
1870,1871,1880,3.5,9,8,2.5,-1
1871,1872,1875,4.1,5,4,2.1,-1
1872,1873,1874,4.6,7,8,1.9,-1
1873,1874,1877,2.4,3,4,2.4,-1
1874,1875,2019,2.1,0,6,2.1,-1
1875,1876,1877,4.9,3,4,1.6,-1
1876,1877,1878,4.3,1,4,1.6,-1
1877,1878,1888,4.8,7,10,1.8,-1
1878,1879,1885,3.5,5,8,2.1,-1
1879,1880,1881,4.7,6,8,1.8,-1
1880,1881,1888,4.3,9,8,2.2,-1
1881,1882,1893,4.2,6,10,1.8,-1
1882,1883,1884,4.8,9,10,2.0,-1
1883,1884,1885,3.6,10,2,2.8,-1
1884,1885,1892,3.6,7,8,2.2,-1
1885,1886,1888,4.5,0,4,1.4,-1
1886,1887,1898,3.6,6,2,2.4,-1
1887,1888,1889,3.7,8,2,2.6,-1
1888,1889,1891,2.6,7,8,2.5,-1
1889,1890,1904,4.7,4,8,1.6,-1
1890,1891,1895,2.5,4,10,2.1,-1
1891,1892,1895,4.8,8,4,2.2,-1
1892,1893,2037,3.4,10,8,2.6,-1
1893,1894,1910,2.3,8,2,3.0,-1
1894,1895,1914,2.5,9,10,2.6,-1
1895,1896,1898,2.4,6,6,2.6,-1
1896,1897,2041,3.4,2,8,1.8,-1
1897,1898,1901,3.8,3,8,1.8,-1
1898,1899,1901,2.3,5,4,2.6,-1
1899,1900,1912,4.2,1,2,1.7,-1
1900,1901,1906,2.3,7,6,2.7,-1
1901,1902,2046,2.3,6,10,2.4,-1
1902,1903,1929,3.8,2,8,1.7,-1
1903,1904,1910,3.7,0,4,1.7,-1
1904,1905,1907,4.7,9,4,2.3,-1
1905,1906,1911,2.5,2,4,2.2,-1
1906,1907,1911,4.3,0,8,1.3,-1
1907,1908,1911,2.9,7,6,2.5,-1
1908,1909,1915,3.9,1,4,1.7,-1
1909,1910,1923,4.9,0,10,1.0,-1
1910,1911,1915,4.3,0,8,1.3,-1
1911,1912,1916,3.5,7,10,2.2,-1
1912,1913,1918,4.4,9,8,2.2,-1
1913,1914,2058,2.7,9,8,2.7,-1
1914,1915,1921,3.4,7,2,2.6,-1
1915,1916,1918,3.8,0,4,1.7,-1
1916,1917,1921,4.6,4,10,1.5,-1
1917,1918,1924,3.9,3,2,2.0,-1
1918,1919,1920,2.6,0,6,1.9,-1
1919,1920,1924,2.1,0,10,1.9,-1
1920,1921,1927,4.5,4,6,1.8,-1
1921,1922,1937,4.8,0,2,1.5,-1
1922,1923,2067,3.3,2,4,2.0,-1
1923,1924,1925,4.0,9,10,2.2,-1
1924,1925,1931,3.7,8,4,2.5,-1
1925,1926,1932,4.9,9,6,2.1,-1
1926,1927,1944,4.8,1,6,1.4,-1
1927,1928,1934,3.0,6,2,2.6,-1
1928,1929,1933,4.3,8,2,2.4,-1
1929,1930,1933,2.9,2,2,2.2,-1
1930,1931,1934,4.1,4,6,1.9,-1
1931,1932,1933,3.6,8,4,2.5,-1
1932,1933,1943,4.1,9,2,2.6,-1
1933,1934,2078,2.3,10,10,2.8,-1
1934,1935,1936,5.0,7,10,1.7,-1
1935,1936,1951,4.8,4,8,1.6,-1
1936,1937,1938,3.8,5,6,2.1,-1
1937,1938,1949,3.6,9,6,2.5,-1
1938,1939,1944,4.8,9,10,2.0,-1
1939,1940,1952,3.5,10,8,2.6,-1
1940,1941,1944,3.5,2,10,1.7,-1
1941,1942,1952,2.7,4,4,2.4,-1
1942,1943,1946,2.0,0,8,2.0,-1
1943,1944,1945,3.9,1,4,1.7,-1
1944,1945,1953,4.4,6,8,1.9,-1
1945,1946,1959,2.1,5,10,2.4,-1
1946,1947,1948,4.4,3,2,1.9,-1
1947,1948,1954,3.9,4,6,1.9,-1
1948,1949,1952,4.4,4,6,1.8,-1
1949,1950,1961,3.5,5,2,2.4,-1
1950,1951,1959,2.3,5,6,2.5,-1
1951,1952,1958,3.2,9,10,2.4,-1
1952,1953,1961,4.9,2,4,1.5,-1
1953,1954,1962,3.0,5,8,2.2,-1
1954,1955,1956,4.7,0,4,1.4,-1
1955,1956,1961,3.4,10,8,2.6,-1
1956,1957,1987,4.7,8,6,2.1,-1
1957,1958,2102,3.4,6,2,2.5,-1
1958,1959,1963,4.5,4,10,1.5,-1
1959,1960,2104,4.2,5,10,1.7,-1
1960,1961,1964,3.6,3,10,1.7,-1
1961,1962,1969,4.1,5,2,2.2,-1
1962,1963,1970,4.9,4,2,1.8,-1
1963,1964,1974,3.0,6,10,2.2,-1
1964,1965,1966,4.5,9,10,2.0,-1
1965,1966,2110,3.2,9,2,2.8,-1
1966,1967,1986,4.6,4,6,1.7,-1
1967,1968,2112,4.1,4,8,1.8,-1
1968,1969,1974,2.3,3,6,2.3,-1
1969,1970,1971,3.4,4,4,2.2,-1
1970,1971,1972,3.6,2,2,2.0,-1
1971,1972,1993,3.1,0,4,1.9,-1
1972,1973,1974,4.7,7,10,1.8,-1
1973,1974,1983,2.1,7,10,2.6,-1
1974,1975,1980,2.5,5,8,2.4,-1
1975,1976,1980,4.2,8,6,2.2,-1
1976,1977,1982,4.3,2,2,1.8,-1
1977,1978,1981,4.5,8,4,2.2,-1
1978,1979,1999,2.6,0,8,1.8,-1
1979,1980,1981,3.2,8,2,2.7,-1
1980,1981,2014,2.0,0,10,1.9,-1
1981,1982,1983,4.6,5,8,1.7,-1
1982,1983,1994,4.7,1,10,1.2,-1
1983,1984,1986,4.3,4,2,2.0,-1
1984,1985,1989,3.7,4,4,2.1,-1
1985,1986,1993,3.0,3,6,2.1,-1
1986,1987,1989,2.8,5,8,2.3,-1
1987,1988,2132,4.0,4,4,2.0,-1
1988,1989,2011,2.5,1,2,2.2,-1
1989,1990,1994,4.9,8,10,1.8,-1
1990,1991,2023,2.3,8,6,2.8,-1
1991,1992,2013,3.6,4,4,2.1,-1
1992,1993,2001,4.8,4,10,1.5,-1
1993,1994,1996,2.7,1,6,2.0,-1
1994,1995,2007,3.8,5,10,1.9,-1
1995,1996,1998,3.3,2,2,2.1,-1
1996,1997,2024,3.4,10,2,2.9,-1
1997,1998,2005,2.3,0,2,2.2,-1
1998,1999,2000,3.3,2,10,1.7,-1
1999,2000,2013,4.7,10,8,2.2,-1
2000,2001,2005,3.8,4,6,2.0,-1
2001,2002,2011,4.5,10,10,2.1,-1
2002,2003,2008,2.2,7,10,2.5,-1
2003,2004,2023,2.4,7,2,2.9,-1
2004,2005,2149,3.4,10,8,2.6,-1
2005,2006,2014,3.4,3,4,2.1,-1
2006,2007,2017,4.6,9,6,2.2,-1
2007,2008,2019,4.7,6,4,2.0,-1
2008,2009,2010,4.1,10,6,2.5,-1
2009,2010,2022,4.4,5,8,1.8,-1
2010,2011,2016,3.5,1,8,1.7,-1
2011,2012,2019,2.3,7,8,2.6,-1
2012,2013,2021,4.5,4,6,1.8,-1
2013,2014,2029,3.8,2,10,1.6,-1
2014,2015,2016,2.3,1,6,2.1,-1
2015,2016,2048,3.7,1,6,1.7,-1
2016,2017,2030,3.6,6,10,2.0,-1
2017,2018,2022,3.2,9,4,2.7,-1
2018,2019,2044,3.6,7,8,2.2,-1
2019,2020,2028,2.2,3,10,2.1,-1
2020,2021,2025,3.3,6,10,2.1,-1
2021,2022,2031,4.4,8,4,2.3,-1
2022,2023,2035,2.5,10,2,3.1,-1
2023,2024,2034,4.2,9,8,2.2,-1
2024,2025,2026,2.3,9,8,2.8,-1
2025,2026,2033,3.0,1,8,1.8,-1
2026,2027,2028,2.5,6,2,2.8,-1
2027,2028,2036,3.8,10,10,2.4,-1
2028,2029,2045,4.3,6,6,2.0,-1
2029,2030,2031,3.5,10,2,2.9,-1
2030,2031,2037,2.3,2,10,2.0,-1
2031,2032,2034,4.7,10,2,2.5,-1
2032,2033,2037,4.3,10,4,2.5,-1
2033,2034,2036,3.4,4,8,2.0,-1
2034,2035,2039,3.8,7,4,2.4,-1
2035,2036,2057,2.6,5,6,2.4,-1
2036,2037,2042,3.7,10,6,2.6,-1
2037,2038,2056,4.8,6,6,1.9,-1
2038,2039,2055,5.0,9,2,2.3,-1
2039,2040,2043,3.8,8,8,2.3,-1
2040,2041,2056,4.5,4,2,1.9,-1
2041,2042,2047,3.1,8,2,2.8,-1
2042,2043,2044,2.0,8,6,2.9,-1
2043,2044,2047,2.3,4,2,2.6,-1
2044,2045,2050,2.7,9,8,2.7,-1
2045,2046,2056,3.9,6,8,2.0,-1
2046,2047,2056,3.1,8,4,2.7,-1
2047,2048,2057,4.0,7,4,2.3,-1
2048,2049,2069,2.6,6,6,2.5,-1
2049,2050,2053,4.5,2,6,1.5,-1
2050,2051,2061,5.0,10,4,2.3,-1
2051,2052,2064,2.4,1,2,2.3,-1
2052,2053,2073,2.4,7,8,2.6,-1
2053,2054,2062,4.9,2,2,1.6,-1
2054,2055,2059,2.4,6,8,2.5,-1
2055,2056,2066,4.7,9,8,2.1,-1
2056,2057,2058,3.9,7,10,2.0,-1
2057,2058,2077,3.3,7,8,2.3,-1
2058,2059,2062,3.1,2,8,1.9,-1
2059,2060,2061,3.8,9,8,2.4,-1
2060,2061,2062,4.5,3,10,1.4,-1
2061,2062,2065,2.8,8,10,2.5,-1
2062,2063,2064,3.1,0,10,1.6,-1
2063,2064,2071,3.4,5,2,2.4,-1
2064,2065,2070,3.7,1,4,1.8,-1
2065,2066,2068,4.2,8,6,2.2,-1
2066,2067,2068,3.4,1,10,1.6,-1
2067,2068,2072,4.7,1,4,1.5,-1
2068,2069,2213,3.4,10,2,2.9,-1
2069,2070,2080,4.1,8,10,2.1,-1
2070,2071,2074,2.9,0,6,1.8,-1
2071,2072,2074,3.6,0,8,1.5,-1
2072,2073,2081,3.4,7,10,2.2,-1
2073,2074,2081,4.2,6,6,2.0,-1
2074,2075,2078,4.9,4,6,1.6,-1
2075,2076,2079,2.5,9,6,2.9,-1
2076,2077,2080,4.2,9,6,2.3,-1
2077,2078,2084,2.2,7,10,2.5,-1
2078,2079,2090,2.5,0,6,1.9,-1
2079,2080,2086,4.4,9,2,2.5,-1
2080,2081,2098,2.9,1,4,2.0,-1
2081,2082,2084,3.5,4,6,2.1,-1
2082,2083,2088,2.4,4,6,2.4,-1
2083,2084,2086,4.6,0,2,1.5,-1
2084,2085,2091,3.8,9,4,2.6,-1
2085,2086,2088,4.0,5,4,2.1,-1
2086,2087,2102,2.8,3,8,2.1,-1
2087,2088,2100,2.5,8,2,3.0,-1
2088,2089,2107,3.0,1,4,2.0,-1
2089,2090,2234,3.8,2,8,1.7,-1
2090,2091,2095,4.3,6,8,1.9,-1
2091,2092,2095,2.7,7,4,2.7,-1
2092,2093,2104,2.6,5,2,2.6,-1
2093,2094,2101,3.9,1,2,1.8,-1
2094,2095,2100,2.5,6,8,2.5,-1
2095,2096,2106,2.9,8,4,2.7,-1
2096,2097,2098,3.1,6,8,2.3,-1
2097,2098,2112,2.8,8,8,2.6,-1
2098,2099,2105,2.0,7,8,2.7,-1
2099,2100,2244,4.0,8,2,2.5,-1
2100,2101,2102,2.3,8,6,2.8,-1
2101,2102,2113,4.9,6,10,1.6,-1
2102,2103,2104,4.8,4,6,1.7,-1
2103,2104,2105,2.8,1,6,2.0,-1
2104,2105,2108,4.0,6,8,2.0,-1
2105,2106,2250,4.3,3,10,1.5,-1
2106,2107,2108,4.3,8,6,2.2,-1
2107,2108,2119,4.0,2,6,1.7,-1
2108,2109,2111,3.6,10,2,2.8,-1
2109,2110,2113,4.5,0,8,1.2,-1
2110,2111,2118,2.3,1,8,2.0,-1
2111,2112,2114,3.1,4,6,2.2,-1
2112,2113,2115,2.6,0,10,1.7,-1
2113,2114,2119,2.3,9,4,3.0,-1
2114,2115,2121,4.9,10,2,2.4,-1
2115,2116,2127,4.1,1,2,1.8,-1
2116,2117,2142,4.6,2,8,1.4,-1
2117,2118,2134,4.0,10,10,2.3,-1
2118,2119,2123,4.4,2,2,1.8,-1
2119,2120,2264,4.1,4,6,1.9,-1
2120,2121,2124,3.4,1,8,1.7,-1
2121,2122,2140,4.8,4,8,1.6,-1
2122,2123,2124,4.1,10,6,2.5,-1
2123,2124,2143,2.8,1,6,2.0,-1
2124,2125,2127,4.3,6,8,1.9,-1
2125,2126,2270,3.0,0,6,1.8,-1
2126,2127,2129,4.9,4,4,1.7,-1
2127,2128,2150,3.3,7,4,2.5,-1
2128,2129,2146,3.8,2,8,1.7,-1
2129,2130,2142,2.3,8,8,2.7,-1
2130,2131,2138,2.7,10,2,3.1,-1
2131,2132,2276,4.7,4,2,1.9,-1
2132,2133,2143,2.1,1,10,2.0,-1
2133,2134,2136,4.2,7,2,2.3,-1
2134,2135,2136,4.7,2,2,1.7,-1
2135,2136,2138,4.8,10,8,2.2,-1
2136,2137,2145,2.8,5,8,2.3,-1
2137,2138,2141,3.7,8,8,2.3,-1
2138,2139,2144,3.4,6,2,2.5,-1
2139,2140,2146,3.6,0,8,1.5,-1
2140,2141,2143,4.9,7,2,2.1,-1
2141,2142,2145,3.7,5,6,2.1,-1
2142,2143,2144,4.0,6,2,2.3,-1
2143,2144,2168,3.9,10,2,2.7,-1
2144,2145,2147,3.1,5,2,2.5,-1
2145,2146,2156,4.5,4,4,1.9,-1
2146,2147,2148,2.5,0,8,1.9,-1
2147,2148,2159,4.0,4,8,1.8,-1
2148,2149,2152,4.7,10,6,2.3,-1
2149,2150,2197,3.5,10,8,2.6,-1
2150,2151,2164,4.2,2,2,1.8,-1
2151,2152,2158,2.6,9,4,2.9,-1
2152,2153,2297,3.5,1,10,1.6,-1
2153,2154,2159,3.9,7,10,2.0,-1
2154,2155,2158,4.9,7,2,2.1,-1
2155,2156,2157,2.1,0,6,2.1,-1
2156,2157,2186,4.4,0,8,1.3,-1
2157,2158,2161,2.4,10,10,2.8,-1
2158,2159,2166,3.4,10,10,2.5,-1
2159,2160,2163,2.4,9,4,3.0,-1
2160,2161,2172,4.8,0,4,1.4,-1
2161,2162,2164,3.5,0,8,1.6,-1
2162,2163,2165,4.7,9,2,2.4,-1
2163,2164,2171,2.7,10,4,3.0,-1
2164,2165,2171,2.0,10,2,3.3,-1
2165,2166,2173,4.7,1,8,1.3,-1
2166,2167,2170,3.8,9,2,2.7,-1
2167,2168,2181,4.5,1,2,1.6,-1
2168,2169,2313,3.5,9,4,2.7,-1
2169,2170,2175,2.2,3,8,2.2,-1
2170,2171,2179,3.0,10,8,2.7,-1
2171,2172,2187,3.0,10,10,2.6,-1
2172,2173,2181,3.6,5,4,2.2,-1
2173,2174,2180,4.3,9,4,2.4,-1
2174,2175,2185,3.0,1,6,1.9,-1
2175,2176,2178,2.4,6,4,2.7,-1
2176,2177,2189,4.1,8,4,2.4,-1
2177,2178,2190,3.3,9,2,2.8,-1
2178,2179,2190,2.4,10,10,2.8,-1
2179,2180,2185,3.1,2,2,2.2,-1
2180,2181,2190,4.6,1,2,1.6,-1
2181,2182,2185,2.0,1,10,2.0,-1
2182,2183,2191,4.7,6,8,1.8,-1
2183,2184,2190,4.1,3,4,1.9,-1
2184,2185,2193,3.9,8,8,2.2,-1
2185,2186,2197,3.2,2,10,1.7,-1
2186,2187,2193,4.1,9,4,2.5,-1
2187,2188,2193,4.2,9,2,2.5,-1
2188,2189,2197,3.9,4,6,1.9,-1
2189,2190,2191,3.3,8,4,2.6,-1
2190,2191,2193,2.6,8,2,2.9,-1
2191,2192,2201,3.9,8,10,2.1,-1
2192,2193,2195,2.7,10,4,3.0,-1
2193,2194,2202,2.8,3,2,2.4,-1
2194,2195,2201,4.4,10,8,2.3,-1
2195,2196,2198,3.5,2,2,2.0,-1
2196,2197,2198,2.2,5,6,2.5,-1
2197,2198,2235,2.6,4,6,2.3,-1
2198,2199,2200,3.9,7,2,2.4,-1
2199,2200,2210,2.3,0,10,1.8,-1
2200,2201,2345,2.5,0,8,1.9,-1
2201,2202,2203,3.5,1,4,1.9,-1
2202,2203,2209,4.2,9,10,2.1,-1
2203,2204,2209,3.0,3,6,2.1,-1
2204,2205,2210,2.7,1,6,2.0,-1
2205,2206,2212,2.7,3,8,2.1,-1
2206,2207,2235,4.6,6,4,2.0,-1
2207,2208,2212,2.2,9,8,2.8,-1
2208,2209,2221,2.2,6,4,2.7,-1
2209,2210,2212,2.6,9,8,2.7,-1
2210,2211,2217,2.5,5,4,2.5,-1
2211,2212,2214,3.4,3,6,2.0,-1
2212,2213,2220,4.9,3,6,1.5,-1
2213,2214,2220,2.4,9,2,3.1,-1
2214,2215,2217,2.8,1,8,1.9,-1
2215,2216,2222,3.4,2,6,1.9,-1
2216,2217,2219,2.7,4,10,2.1,-1
2217,2218,2225,2.5,10,10,2.8,-1
2218,2219,2222,4.7,9,10,2.0,-1
2219,2220,2221,4.6,1,8,1.3,-1
2220,2221,2222,4.6,7,4,2.1,-1
2221,2222,2226,3.8,7,6,2.3,-1
2222,2223,2233,2.0,6,4,2.8,-1
2223,2224,2225,2.7,6,10,2.3,-1
2224,2225,2227,2.7,9,4,2.9,-1
2225,2226,2236,4.7,0,8,1.2,-1
2226,2227,2234,4.9,0,8,1.1,-1
2227,2228,2234,4.2,8,2,2.4,-1
2228,2229,2241,3.3,6,8,2.2,-1
2229,2230,2243,4.4,1,8,1.4,-1
2230,2231,2245,3.5,1,10,1.6,-1
2231,2232,2239,4.3,6,4,2.1,-1
2232,2233,2234,2.4,4,4,2.5,-1
2233,2234,2260,3.9,1,2,1.8,-1
2234,2235,2263,3.4,4,4,2.2,-1
2235,2236,2239,4.1,9,10,2.2,-1
2236,2237,2238,2.1,7,8,2.7,-1
2237,2238,2242,4.3,6,4,2.1,-1
2238,2239,2242,4.4,5,8,1.8,-1
2239,2240,2253,4.1,0,2,1.7,-1
2240,2241,2248,3.2,5,10,2.0,-1
2241,2242,2261,2.1,6,6,2.7,-1
2242,2243,2253,4.1,9,10,2.2,-1
2243,2244,2248,3.7,3,2,2.1,-1
2244,2245,2247,3.9,5,2,2.2,-1
2245,2246,2247,3.5,10,6,2.7,-1
2246,2247,2276,4.7,1,8,1.3,-1
2247,2248,2264,3.1,9,2,2.9,-1
2248,2249,2255,3.1,2,10,1.8,-1
2249,2250,2266,4.1,8,4,2.4,-1
2250,2251,2253,2.4,5,4,2.6,-1
2251,2252,2255,3.6,10,8,2.5,-1
2252,2253,2254,4.2,9,4,2.4,-1
2253,2254,2263,4.3,3,6,1.7,-1
2254,2255,2257,3.1,4,10,2.0,-1
2255,2256,2270,4.0,4,2,2.1,-1
2256,2257,2264,2.2,5,8,2.4,-1
2257,2258,2269,3.5,8,2,2.7,-1
2258,2259,2264,3.4,8,10,2.3,-1
2259,2260,2266,4.7,7,10,1.8,-1
2260,2261,2267,3.1,10,2,3.0,-1
2261,2262,2274,2.6,7,2,2.8,-1
2262,2263,2266,2.2,2,6,2.2,-1
2263,2264,2270,4.9,1,2,1.5,-1
2264,2265,2267,2.5,1,4,2.1,-1
2265,2266,2272,3.5,3,10,1.8,-1
2266,2267,2411,4.9,0,6,1.2,-1
2267,2268,2272,3.2,10,10,2.5,-1
2268,2269,2273,4.8,7,6,2.0,-1
2269,2270,2288,3.3,10,2,2.9,-1
2270,2271,2273,2.9,1,2,2.1,-1
2271,2272,2277,4.6,3,10,1.4,-1
2272,2273,2275,3.9,6,10,1.9,-1
2273,2274,2290,3.0,10,6,2.8,-1
2274,2275,2278,3.5,10,10,2.5,-1
2275,2276,2306,4.5,7,8,1.9,-1
2276,2277,2292,2.9,2,6,2.0,-1
2277,2278,2281,2.5,4,4,2.5,-1
2278,2279,2282,3.5,4,2,2.2,-1
2279,2280,2291,2.4,4,8,2.3,-1
2280,2281,2285,4.9,9,4,2.2,-1
2281,2282,2283,4.1,4,4,2.0,-1
2282,2283,2284,4.9,10,4,2.3,-1
2283,2284,2288,2.5,1,2,2.2,-1
2284,2285,2286,5.0,9,4,2.2,-1
2285,2286,2300,3.3,5,4,2.3,-1
2286,2287,2291,2.6,0,6,1.9,-1
2287,2288,2298,4.9,2,6,1.4,-1
2288,2289,2292,3.3,2,10,1.7,-1
2289,2290,2294,2.9,0,8,1.7,-1
2290,2291,2293,4.8,2,8,1.4,-1
2291,2292,2293,4.8,2,2,1.7,-1
2292,2293,2297,4.9,8,10,1.8,-1
2293,2294,2438,3.0,4,8,2.1,-1
2294,2295,2296,4.7,9,4,2.3,-1
2295,2296,2300,4.4,7,6,2.1,-1
2296,2297,2301,4.1,7,2,2.4,-1
2297,2298,2303,2.4,8,2,3.0,-1
2298,2299,2305,2.9,6,10,2.2,-1
2299,2300,2311,4.5,7,6,2.0,-1
2300,2301,2312,2.3,0,10,1.8,-1
2301,2302,2306,3.9,9,10,2.2,-1
2302,2303,2318,2.7,4,4,2.4,-1
2303,2304,2448,2.1,8,8,2.8,-1
2304,2305,2308,4.0,1,10,1.4,-1
2305,2306,2307,3.2,7,6,2.4,-1
2306,2307,2312,3.8,8,2,2.6,-1
2307,2308,2312,4.7,5,8,1.7,-1
2308,2309,2351,2.4,6,6,2.6,-1
2309,2310,2318,3.2,0,6,1.7,-1
2310,2311,2338,3.0,4,8,2.1,-1
2311,2312,2317,4.6,1,4,1.5,-1
2312,2313,2320,4.2,7,8,2.0,-1
2313,2314,2315,4.4,4,4,1.9,-1
2314,2315,2316,4.4,6,8,1.9,-1
2315,2316,2326,2.4,9,10,2.7,-1
2316,2317,2328,2.3,3,6,2.3,-1
2317,2318,2326,3.4,8,6,2.5,-1
2318,2319,2335,2.2,9,8,2.8,-1
2319,2320,2321,2.3,6,6,2.6,-1
2320,2321,2325,3.2,8,8,2.4,-1
2321,2322,2325,4.1,2,4,1.8,-1
2322,2323,2328,2.6,6,6,2.5,-1
2323,2324,2331,3.7,0,6,1.6,-1
2324,2325,2327,4.5,4,8,1.6,-1
2325,2326,2328,3.7,7,4,2.4,-1
2326,2327,2329,2.1,0,4,2.2,-1
2327,2328,2338,2.8,10,8,2.8,-1
2328,2329,2336,2.4,10,6,3.0,-1
2329,2330,2337,3.3,7,4,2.5,-1
2330,2331,2335,2.1,4,8,2.4,-1
2331,2332,2356,5.0,1,10,1.1,-1
2332,2333,2342,4.2,9,8,2.2,-1
2333,2334,2340,3.7,4,8,1.9,-1
2334,2335,2341,4.9,1,6,1.3,-1
2335,2336,2371,3.5,9,2,2.8,-1
2336,2337,2352,4.5,2,10,1.3,-1
2337,2338,2343,2.2,5,8,2.4,-1
2338,2339,2344,4.6,2,6,1.5,-1
2339,2340,2344,2.5,4,6,2.4,-1
2340,2341,2347,3.3,5,2,2.4,-1
2341,2342,2346,2.9,8,2,2.8,-1
2342,2343,2349,3.5,10,4,2.8,-1
2343,2344,2347,4.3,9,4,2.4,-1
2344,2345,2360,3.6,5,6,2.1,-1
2345,2346,2369,2.8,5,2,2.6,-1
2346,2347,2348,3.6,5,4,2.2,-1
2347,2348,2350,2.0,8,6,2.9,-1
2348,2349,2379,3.1,7,8,2.4,-1
2349,2350,2352,3.0,2,2,2.2,-1
2350,2351,2352,2.7,8,4,2.8,-1
2351,2352,2362,4.5,8,10,1.9,-1
2352,2353,2357,4.1,8,10,2.1,-1
2353,2354,2375,4.1,1,8,1.5,-1
2354,2355,2360,3.4,1,2,2.0,-1
2355,2356,2500,4.5,0,8,1.2,-1
2356,2357,2367,3.0,5,4,2.4,-1
2357,2358,2362,4.5,9,10,2.0,-1
2358,2359,2362,4.3,5,4,2.0,-1
2359,2360,2364,4.1,0,2,1.7,-1
2360,2361,2371,2.7,2,4,2.2,-1
2361,2362,2387,2.9,3,4,2.2,-1
2362,2363,2374,4.9,6,2,2.0,-1
2363,2364,2367,2.2,7,8,2.6,-1
2364,2365,2366,2.1,1,2,2.4,-1
2365,2366,2369,4.4,8,10,2.0,-1
2366,2367,2368,2.2,1,6,2.1,-1
2367,2368,2380,2.1,4,2,2.7,-1
2368,2369,2376,4.3,1,10,1.3,-1
2369,2370,2374,2.6,3,4,2.3,-1
2370,2371,2376,4.0,0,2,1.7,-1
2371,2372,2373,2.4,4,10,2.2,-1
2372,2373,2376,3.0,2,10,1.8,-1
2373,2374,2398,4.3,9,4,2.4,-1
2374,2375,2408,3.5,1,2,2.0,-1
2375,2376,2382,4.5,0,10,1.1,-1
2376,2377,2383,2.7,3,6,2.2,-1
2377,2378,2379,2.5,8,2,3.0,-1
2378,2379,2381,4.9,1,4,1.4,-1
2379,2380,2384,4.8,7,6,2.0,-1
2380,2381,2390,4.1,2,8,1.6,-1
2381,2382,2526,4.0,1,4,1.7,-1
2382,2383,2388,4.5,6,8,1.9,-1
2383,2384,2396,2.6,3,8,2.1,-1
2384,2385,2389,2.3,5,2,2.7,-1
2385,2386,2399,3.4,8,4,2.6,-1
2386,2387,2531,3.5,5,6,2.2,-1
2387,2388,2398,3.7,0,2,1.8,-1
2388,2389,2390,3.0,1,8,1.8,-1
2389,2390,2397,2.9,9,6,2.7,-1
2390,2391,2410,4.1,7,4,2.3,-1
2391,2392,2395,3.7,4,8,1.9,-1
2392,2393,2411,2.6,1,8,1.9,-1
2393,2394,2396,4.8,5,4,1.9,-1
2394,2395,2397,2.0,10,8,3.0,-1
2395,2396,2426,4.0,6,8,2.0,-1
2396,2397,2403,3.6,10,2,2.8,-1
2397,2398,2399,2.4,6,8,2.5,-1
2398,2399,2412,4.1,1,4,1.7,-1
2399,2400,2404,2.2,3,6,2.3,-1
2400,2401,2425,2.6,6,2,2.7,-1
2401,2402,2423,2.7,6,8,2.4,-1
2402,2403,2415,2.8,9,10,2.6,-1
2403,2404,2414,2.8,10,8,2.8,-1
2404,2405,2417,3.1,10,10,2.6,-1
2405,2406,2415,4.9,7,10,1.7,-1
2406,2407,2409,2.8,7,2,2.8,-1
2407,2408,2416,2.4,7,8,2.6,-1
2408,2409,2410,2.7,2,2,2.3,-1
2409,2410,2413,2.3,0,2,2.2,-1
2410,2411,2423,3.5,0,4,1.8,-1
2411,2412,2413,3.1,10,6,2.8,-1
2412,2413,2415,2.5,9,10,2.6,-1
2413,2414,2418,2.3,1,10,1.9,-1
2414,2415,2416,4.3,7,4,2.2,-1
2415,2416,2420,2.9,7,8,2.4,-1
2416,2417,2419,3.5,8,6,2.5,-1
2417,2418,2421,4.4,8,10,2.0,-1
2418,2419,2426,2.1,0,8,2.0,-1
2419,2420,2425,4.6,1,8,1.3,-1
2420,2421,2425,3.4,6,8,2.2,-1
2421,2422,2438,3.4,0,4,1.8,-1
2422,2423,2433,3.7,4,4,2.1,-1
2423,2424,2427,3.5,2,6,1.9,-1
2424,2425,2426,4.1,7,2,2.4,-1
2425,2426,2438,3.7,7,10,2.1,-1
2426,2427,2429,4.1,9,8,2.3,-1
2427,2428,2432,3.4,2,10,1.7,-1
2428,2429,2448,2.2,4,8,2.3,-1
2429,2430,2449,3.8,6,10,2.0,-1
2430,2431,2436,4.0,4,6,1.9,-1
2431,2432,2438,2.2,9,2,3.1,-1
2432,2433,2437,2.4,5,6,2.5,-1
2433,2434,2440,4.4,9,2,2.5,-1
2434,2435,2454,4.3,10,6,2.4,-1
2435,2436,2457,3.1,6,6,2.4,-1
2436,2437,2440,5.0,6,6,1.8,-1
2437,2438,2444,2.2,3,4,2.4,-1
2438,2439,2440,2.7,4,10,2.1,-1
2439,2440,2443,2.3,1,6,2.1,-1
2440,2441,2446,2.3,2,2,2.4,-1
2441,2442,2449,3.6,0,8,1.5,-1
2442,2443,2444,4.0,6,10,1.9,-1
2443,2444,2451,3.5,6,6,2.2,-1
2444,2445,2447,2.1,7,10,2.6,-1
2445,2446,2457,2.1,5,8,2.5,-1
2446,2447,2460,3.7,5,10,1.9,-1
2447,2448,2458,2.3,7,2,2.9,-1
2448,2449,2451,4.1,3,6,1.8,-1
2449,2450,2467,3.5,10,6,2.7,-1
2450,2451,2452,2.5,4,6,2.4,-1
2451,2452,2462,4.9,3,8,1.4,-1
2452,2453,2463,3.9,1,10,1.4,-1
2453,2454,2458,2.6,4,2,2.5,-1
2454,2455,2464,2.9,9,8,2.6,-1
2455,2456,2600,4.4,9,2,2.5,-1
2456,2457,2459,4.2,9,2,2.5,-1
2457,2458,2461,3.8,4,2,2.2,-1
2458,2459,2460,3.7,8,8,2.3,-1
2459,2460,2475,3.3,5,2,2.4,-1
2460,2461,2484,4.0,4,10,1.7,-1
2461,2462,2476,4.4,6,10,1.8,-1
2462,2463,2471,2.9,6,8,2.3,-1
2463,2464,2465,2.8,8,8,2.6,-1
2464,2465,2483,4.0,8,4,2.4,-1
2465,2466,2470,4.6,10,10,2.1,-1
2466,2467,2474,4.6,9,8,2.1,-1
2467,2468,2487,2.6,7,6,2.6,-1
2468,2469,2478,4.8,8,10,1.9,-1
2469,2470,2475,4.6,6,10,1.7,-1
2470,2471,2499,4.2,0,10,1.2,-1
2471,2472,2483,2.6,7,4,2.7,-1
2472,2473,2617,2.7,10,6,2.9,-1
2473,2474,2495,4.5,6,6,1.9,-1
2474,2475,2477,4.6,1,4,1.5,-1
2475,2476,2480,4.5,4,6,1.8,-1
2476,2477,2478,3.9,4,10,1.7,-1
2477,2478,2479,2.7,3,2,2.4,-1
2478,2479,2481,2.4,0,4,2.1,-1
2479,2480,2484,4.4,4,8,1.7,-1
2480,2481,2492,3.5,6,8,2.2,-1
2481,2482,2485,3.9,0,4,1.6,-1
2482,2483,2485,2.5,2,2,2.4,-1
2483,2484,2485,2.8,4,10,2.1,-1
2484,2485,2490,2.5,0,8,1.9,-1
2485,2486,2494,4.3,0,2,1.6,-1
2486,2487,2494,2.9,4,2,2.4,-1
2487,2488,2491,4.7,6,6,1.9,-1
2488,2489,2492,4.0,1,8,1.5,-1
2489,2490,2502,4.8,2,4,1.6,-1
2490,2491,2494,2.3,8,2,3.0,-1
2491,2492,2493,3.6,9,10,2.3,-1
2492,2493,2494,2.8,1,4,2.1,-1
2493,2494,2496,3.8,5,6,2.1,-1
2494,2495,2499,4.5,6,4,2.0,-1
2495,2496,2498,4.8,3,4,1.7,-1
2496,2497,2529,2.3,3,6,2.3,-1
2497,2498,2508,3.3,4,10,1.9,-1
2498,2499,2501,2.2,8,6,2.8,-1
2499,2500,2506,4.1,1,6,1.6,-1
2500,2501,2645,3.6,7,4,2.4,-1
2501,2502,2508,4.9,2,6,1.4,-1
2502,2503,2504,3.4,5,6,2.2,-1
2503,2504,2513,2.1,9,2,3.2,-1
2504,2505,2649,4.5,10,2,2.5,-1
2505,2506,2511,4.1,10,4,2.6,-1
2506,2507,2515,2.8,6,6,2.5,-1
2507,2508,2523,3.9,5,2,2.2,-1
2508,2509,2512,3.6,3,8,1.8,-1
2509,2510,2511,3.2,6,6,2.3,-1
2510,2511,2513,2.9,3,6,2.1,-1
2511,2512,2529,2.6,2,8,2.0,-1
2512,2513,2515,3.9,10,8,2.4,-1
2513,2514,2516,4.4,4,2,2.0,-1
2514,2515,2540,4.5,7,8,1.9,-1
2515,2516,2660,4.2,5,8,1.8,-1
2516,2517,2522,4.6,1,4,1.5,-1
2517,2518,2522,4.1,8,2,2.5,-1
2518,2519,2524,3.1,9,10,2.5,-1
2519,2520,2528,4.2,7,2,2.3,-1
2520,2521,2525,4.3,10,4,2.5,-1
2521,2522,2525,3.9,10,4,2.6,-1
2522,2523,2547,2.0,3,6,2.4,-1
2523,2524,2528,2.9,1,2,2.1,-1
2524,2525,2531,2.5,8,4,2.9,-1
2525,2526,2530,4.5,10,8,2.2,-1
2526,2527,2549,4.4,5,8,1.8,-1
2527,2528,2532,3.4,2,6,1.9,-1
2528,2529,2539,2.5,9,6,2.9,-1
2529,2530,2532,4.4,3,2,1.9,-1
2530,2531,2532,3.2,2,8,1.8,-1
2531,2532,2571,4.6,9,4,2.3,-1
2532,2533,2539,2.1,0,10,1.9,-1
2533,2534,2535,3.9,10,4,2.6,-1
2534,2535,2537,4.7,7,4,2.1,-1
2535,2536,2538,2.8,2,2,2.3,-1
2536,2537,2543,3.2,6,10,2.1,-1
2537,2538,2557,2.8,1,6,2.0,-1
2538,2539,2543,2.5,9,2,3.0,-1
2539,2540,2549,2.0,8,8,2.8,-1
2540,2541,2542,4.3,7,8,2.0,-1
2541,2542,2550,2.4,3,4,2.4,-1
2542,2543,2560,4.8,4,6,1.7,-1
2543,2544,2551,4.2,6,4,2.1,-1
2544,2545,2557,3.3,3,10,1.8,-1
2545,2546,2551,2.6,4,4,2.4,-1
2546,2547,2564,3.3,6,4,2.4,-1
2547,2548,2551,2.1,4,4,2.6,-1
2548,2549,2693,3.9,3,6,1.8,-1
2549,2550,2571,3.7,10,8,2.5,-1
2550,2551,2558,2.3,7,4,2.8,-1
2551,2552,2566,4.6,6,4,2.0,-1
2552,2553,2559,4.1,6,10,1.9,-1
2553,2554,2557,2.8,1,10,1.8,-1
2554,2555,2562,2.2,5,4,2.6,-1
2555,2556,2566,3.4,5,10,2.0,-1
2556,2557,2573,4.8,9,2,2.4,-1
2557,2558,2566,2.0,8,10,2.7,-1
2558,2559,2570,3.1,6,6,2.4,-1
2559,2560,2563,2.4,8,2,3.0,-1
2560,2561,2562,3.7,4,4,2.1,-1
2561,2562,2568,3.5,5,8,2.1,-1
2562,2563,2577,2.4,5,10,2.3,-1
2563,2564,2566,3.3,4,2,2.3,-1
2564,2565,2567,2.9,2,8,1.9,-1
2565,2566,2567,4.6,4,6,1.7,-1
2566,2567,2568,4.8,4,6,1.7,-1
2567,2568,2712,3.8,4,10,1.8,-1
2568,2569,2571,2.9,2,6,2.0,-1
2569,2570,2572,4.2,7,4,2.2,-1
2570,2571,2573,3.7,10,8,2.5,-1
2571,2572,2573,2.2,2,2,2.4,-1
2572,2573,2578,2.7,0,8,1.8,-1
2573,2574,2578,2.8,7,8,2.5,-1
2574,2575,2577,2.3,7,2,2.9,-1
2575,2576,2577,3.3,8,8,2.4,-1
2576,2577,2585,3.4,1,4,1.9,-1
2577,2578,2606,2.4,1,4,2.2,-1
2578,2579,2583,4.6,2,4,1.6,-1
2579,2580,2583,4.2,4,10,1.6,-1
2580,2581,2589,4.7,9,4,2.3,-1
2581,2582,2726,3.8,0,10,1.4,-1
2582,2583,2587,4.3,2,8,1.5,-1
2583,2584,2589,4.8,3,8,1.5,-1
2584,2585,2592,4.0,5,2,2.2,-1
2585,2586,2591,2.9,10,2,3.0,-1
2586,2587,2600,3.2,9,2,2.8,-1
2587,2588,2604,4.5,2,2,1.7,-1
2588,2589,2593,2.2,10,8,2.9,-1
2589,2590,2599,3.4,4,10,1.9,-1
2590,2591,2592,4.0,5,2,2.2,-1
2591,2592,2736,4.0,7,6,2.2,-1
2592,2593,2610,4.8,9,4,2.3,-1
2593,2594,2598,2.6,0,6,1.9,-1
2594,2595,2596,3.0,0,2,2.0,-1
2595,2596,2602,3.6,9,8,2.4,-1
2596,2597,2599,2.3,4,4,2.5,-1
2597,2598,2624,2.7,6,2,2.7,-1
2598,2599,2611,2.1,3,4,2.5,-1
2599,2600,2605,3.2,6,6,2.3,-1
2600,2601,2602,3.9,10,4,2.6,-1
2601,2602,2612,2.4,7,8,2.6,-1
2602,2603,2612,4.2,4,10,1.6,-1
2603,2604,2610,2.4,10,2,3.2,-1
2604,2605,2606,4.5,8,4,2.2,-1
2605,2606,2615,3.5,6,8,2.2,-1
2606,2607,2612,2.8,9,8,2.7,-1
2607,2608,2611,2.3,6,6,2.6,-1
2608,2609,2611,3.8,6,8,2.1,-1
2609,2610,2620,2.3,8,6,2.8,-1
2610,2611,2614,4.9,10,4,2.3,-1
2611,2612,2613,3.9,2,8,1.6,-1
2612,2613,2617,3.6,10,10,2.4,-1
2613,2614,2620,2.3,7,8,2.6,-1
2614,2615,2616,2.2,7,6,2.7,-1
2615,2616,2760,2.4,2,6,2.2,-1
2616,2617,2619,4.5,8,8,2.0,-1
2617,2618,2623,2.9,0,10,1.6,-1
2618,2619,2622,2.2,0,10,1.8,-1
2619,2620,2636,2.3,6,8,2.5,-1
2620,2621,2627,2.3,10,10,2.8,-1
2621,2622,2628,4.4,5,6,1.9,-1
2622,2623,2625,3.8,8,2,2.6,-1
2623,2624,2626,2.3,10,8,2.9,-1
2624,2625,2627,2.5,2,8,2.0,-1
2625,2626,2639,2.1,6,6,2.7,-1
2626,2627,2771,2.9,7,8,2.4,-1
2627,2628,2631,3.9,4,6,1.9,-1
2628,2629,2631,4.9,2,4,1.5,-1
2629,2630,2655,2.6,9,6,2.8,-1
2630,2631,2638,4.6,1,8,1.3,-1
2631,2632,2640,3.6,0,8,1.5,-1
2632,2633,2636,2.4,2,8,2.1,-1
2633,2634,2637,3.4,6,10,2.1,-1
2634,2635,2636,4.2,4,10,1.6,-1
2635,2636,2646,4.4,9,6,2.3,-1
2636,2637,2639,4.1,10,8,2.4,-1
2637,2638,2647,4.4,1,4,1.6,-1
2638,2639,2645,2.4,3,2,2.5,-1
2639,2640,2642,4.4,3,2,1.9,-1
2640,2641,2642,2.6,10,4,3.0,-1
2641,2642,2644,3.9,6,10,1.9,-1
2642,2643,2652,2.6,4,8,2.2,-1
2643,2644,2655,2.4,6,2,2.8,-1
2644,2645,2669,2.3,2,8,2.1,-1
2645,2646,2658,4.9,7,2,2.1,-1
2646,2647,2660,4.6,9,4,2.3,-1
2647,2648,2655,2.6,9,8,2.7,-1
2648,2649,2665,2.2,0,2,2.2,-1
2649,2650,2654,3.9,6,8,2.0,-1
2650,2651,2655,4.5,9,10,2.0,-1
2651,2652,2655,4.2,4,2,2.0,-1
2652,2653,2657,3.5,7,10,2.2,-1
2653,2654,2657,3.8,9,8,2.4,-1
2654,2655,2657,2.7,0,10,1.7,-1
2655,2656,2800,2.1,9,6,3.0,-1
2656,2657,2673,3.7,4,8,1.9,-1
2657,2658,2666,4.7,1,8,1.3,-1
2658,2659,2663,3.9,10,6,2.5,-1
2659,2660,2662,3.3,6,2,2.5,-1
2660,2661,2662,2.5,3,8,2.2,-1
2661,2662,2668,3.0,3,10,1.9,-1
2662,2663,2676,2.7,10,6,2.9,-1
2663,2664,2665,4.8,10,8,2.2,-1
2664,2665,2667,2.4,4,8,2.3,-1
2665,2666,2669,4.9,10,6,2.2,-1
2666,2667,2674,4.4,2,10,1.4,-1
2667,2668,2693,2.6,1,8,1.9,-1
2668,2669,2680,2.4,3,4,2.4,-1
2669,2670,2696,3.8,1,8,1.6,-1
2670,2671,2672,4.8,7,6,2.0,-1
2671,2672,2674,2.7,8,2,2.9,-1
2672,2673,2678,5.0,5,6,1.7,-1
2673,2674,2676,3.1,2,4,2.1,-1
2674,2675,2819,4.5,8,2,2.3,-1
2675,2676,2677,4.4,5,8,1.8,-1
2676,2677,2700,2.3,3,2,2.5,-1
2677,2678,2680,3.7,7,6,2.3,-1
2678,2679,2681,5.0,5,2,1.9,-1
2679,2680,2681,4.3,8,6,2.2,-1
2680,2681,2706,4.7,8,10,1.9,-1
2681,2682,2826,4.0,0,8,1.4,-1
2682,2683,2827,4.4,1,2,1.7,-1
2683,2684,2685,4.3,9,2,2.5,-1
2684,2685,2691,4.5,0,10,1.1,-1
2685,2686,2688,2.3,10,2,3.2,-1
2686,2687,2693,4.6,5,4,1.9,-1
2687,2688,2832,4.2,7,10,1.9,-1
2688,2689,2690,3.5,1,4,1.9,-1
2689,2690,2697,3.9,5,4,2.1,-1
2690,2691,2706,2.4,3,8,2.2,-1
2691,2692,2714,4.9,0,4,1.3,-1
2692,2693,2696,4.5,7,6,2.0,-1
2693,2694,2698,2.9,2,2,2.2,-1
2694,2695,2701,2.8,6,6,2.5,-1
2695,2696,2700,3.9,3,4,1.9,-1
2696,2697,2705,4.3,8,8,2.1,-1
2697,2698,2701,4.4,2,8,1.5,-1
2698,2699,2704,3.2,6,8,2.2,-1
2699,2700,2705,4.9,8,6,2.0,-1
2700,2701,2702,4.8,7,4,2.1,-1
2701,2702,2703,4.3,8,2,2.4,-1
2702,2703,2704,2.3,5,8,2.4,-1
2703,2704,2707,4.9,2,8,1.3,-1
2704,2705,2706,2.2,0,4,2.1,-1
2705,2706,2717,4.7,0,10,1.1,-1
2706,2707,2713,4.9,6,8,1.7,-1
2707,2708,2709,4.7,8,6,2.1,-1
2708,2709,2726,4.2,5,6,1.9,-1
2709,2710,2718,2.0,4,10,2.3,-1
2710,2711,2717,3.8,2,8,1.7,-1
2711,2712,2715,3.3,3,10,1.8,-1
2712,2713,2714,3.9,9,8,2.3,-1
2713,2714,2715,4.1,10,8,2.4,-1
2714,2715,2742,4.3,4,2,2.0,-1
2715,2716,2736,2.1,5,8,2.5,-1
2716,2717,2722,4.2,2,10,1.4,-1
2717,2718,2726,5.0,4,4,1.7,-1
2718,2719,2732,2.3,8,6,2.8,-1
2719,2720,2724,3.6,10,4,2.7,-1
2720,2721,2722,2.1,8,10,2.7,-1
2721,2722,2724,2.8,4,8,2.2,-1
2722,2723,2730,5.0,1,2,1.5,-1
2723,2724,2728,4.5,4,10,1.5,-1
2724,2725,2745,3.1,0,2,2.0,-1
2725,2726,2728,3.3,9,2,2.8,-1
2726,2727,2734,3.4,3,10,1.8,-1
2727,2728,2729,3.7,10,10,2.4,-1
2728,2729,2730,4.5,3,6,1.6,-1
2729,2730,2738,2.9,10,10,2.6,-1
2730,2731,2739,4.0,6,10,1.9,-1
2731,2732,2737,4.2,1,6,1.5,-1
2732,2733,2739,3.5,3,6,2.0,-1
2733,2734,2752,3.4,2,8,1.8,-1
2734,2735,2739,4.5,1,2,1.6,-1
2735,2736,2752,2.2,2,8,2.1,-1
2736,2737,2741,2.6,1,6,2.0,-1
2737,2738,2752,4.0,6,10,1.9,-1
2738,2739,2758,3.7,6,6,2.2,-1
2739,2740,2741,3.8,10,8,2.5,-1
2740,2741,2744,5.0,7,8,1.8,-1
2741,2742,2778,4.5,2,10,1.3,-1
2742,2743,2746,2.4,7,4,2.8,-1
2743,2744,2888,4.9,8,10,1.8,-1
2744,2745,2751,2.4,3,8,2.2,-1
2745,2746,2756,3.4,2,10,1.7,-1
2746,2747,2749,3.1,1,10,1.7,-1
2747,2748,2753,4.6,1,2,1.6,-1
2748,2749,2750,3.1,4,2,2.4,-1
2749,2750,2756,3.6,1,6,1.7,-1
2750,2751,2753,2.9,5,6,2.3,-1
2751,2752,2757,2.9,0,4,1.9,-1
2752,2753,2759,2.4,9,8,2.8,-1
2753,2754,2758,2.1,4,6,2.5,-1
2754,2755,2756,2.6,7,2,2.8,-1
2755,2756,2765,2.4,5,2,2.7,-1
2756,2757,2761,4.6,6,8,1.8,-1
2757,2758,2766,3.7,9,8,2.4,-1
2758,2759,2765,4.7,6,8,1.8,-1
2759,2760,2763,4.5,9,4,2.4,-1
2760,2761,2762,4.3,8,8,2.1,-1
2761,2762,2763,4.3,10,8,2.3,-1
2762,2763,2764,2.4,5,2,2.7,-1
2763,2764,2774,4.4,10,10,2.2,-1
2764,2765,2766,3.2,3,8,1.9,-1
2765,2766,2775,3.0,0,8,1.7,-1
2766,2767,2775,4.2,10,2,2.6,-1
2767,2768,2781,4.6,0,10,1.1,-1
2768,2769,2776,3.9,4,10,1.7,-1
2769,2770,2782,3.9,10,10,2.3,-1
2770,2771,2773,2.3,9,10,2.7,-1
2771,2772,2780,3.7,0,10,1.4,-1
2772,2773,2786,3.6,7,10,2.1,-1
2773,2774,2782,4.7,1,10,1.2,-1
2774,2775,2776,2.5,0,6,1.9,-1
2775,2776,2782,4.4,3,10,1.5,-1
2776,2777,2921,3.3,8,10,2.3,-1
2777,2778,2782,3.0,9,2,2.9,-1
2778,2779,2786,3.5,0,6,1.7,-1
2779,2780,2790,3.3,6,2,2.5,-1
2780,2781,2786,4.6,5,8,1.7,-1
2781,2782,2803,2.8,1,2,2.2,-1
2782,2783,2787,3.6,4,4,2.1,-1
2783,2784,2785,2.5,1,4,2.1,-1
2784,2785,2786,2.9,6,4,2.5,-1
2785,2786,2790,2.2,5,4,2.6,-1
2786,2787,2790,2.1,0,6,2.1,-1
2787,2788,2789,3.2,5,4,2.3,-1
2788,2789,2796,3.2,5,6,2.2,-1
2789,2790,2795,3.1,1,2,2.1,-1
2790,2791,2792,2.6,9,10,2.6,-1
2791,2792,2798,2.7,8,10,2.5,-1
2792,2793,2795,3.2,1,6,1.8,-1
2793,2794,2938,2.2,7,10,2.5,-1
2794,2795,2796,3.2,7,2,2.6,-1
2795,2796,2800,3.2,3,2,2.2,-1
2796,2797,2801,2.8,9,2,3.0,-1
2797,2798,2942,2.7,8,4,2.8,-1
2798,2799,2809,2.9,6,8,2.3,-1
2799,2800,2806,2.3,10,10,2.8,-1
2800,2801,2805,2.6,2,6,2.1,-1
2801,2802,2817,3.6,2,4,1.9,-1
2802,2803,2805,3.6,6,10,2.0,-1
2803,2804,2806,3.4,0,8,1.6,-1
2804,2805,2807,4.9,9,6,2.1,-1
2805,2806,2812,4.0,2,2,1.9,-1
2806,2807,2814,2.2,7,6,2.7,-1
2807,2808,2809,3.8,10,8,2.5,-1
2808,2809,2813,5.0,10,4,2.3,-1
2809,2810,2813,3.8,8,6,2.4,-1
2810,2811,2812,2.1,8,10,2.7,-1
2811,2812,2816,2.2,1,8,2.0,-1
2812,2813,2815,4.1,2,10,1.5,-1
2813,2814,2826,5.0,6,4,1.9,-1
2814,2815,2824,3.8,5,6,2.1,-1
2815,2816,2837,3.9,7,6,2.2,-1
2816,2817,2823,2.7,5,6,2.4,-1
2817,2818,2819,2.6,9,6,2.8,-1
2818,2819,2840,2.0,2,2,2.5,-1
2819,2820,2823,3.8,0,2,1.8,-1
2820,2821,2834,4.0,6,10,1.9,-1
2821,2822,2831,4.7,7,8,1.9,-1
2822,2823,2850,3.6,10,2,2.8,-1
2823,2824,2833,3.6,10,8,2.5,-1
2824,2825,2832,4.0,5,8,1.9,-1
2825,2826,2827,4.5,5,8,1.8,-1
2826,2827,2829,2.5,0,2,2.1,-1
2827,2828,2831,3.4,3,8,1.9,-1
2828,2829,2833,2.0,0,6,2.1,-1
2829,2830,2836,4.0,5,4,2.1,-1
2830,2831,2839,2.3,9,6,2.9,-1
2831,2832,2842,4.4,3,4,1.8,-1
2832,2833,2842,4.9,5,2,1.9,-1
2833,2834,2845,2.8,9,4,2.9,-1
2834,2835,2841,2.0,10,8,3.0,-1
2835,2836,2980,2.3,4,10,2.2,-1
2836,2837,2839,3.5,2,10,1.7,-1
2837,2838,2841,2.6,9,10,2.6,-1
2838,2839,2840,3.7,1,10,1.5,-1
2839,2840,2846,2.4,1,4,2.2,-1
2840,2841,2845,2.8,9,4,2.9,-1
2841,2842,2845,4.6,4,4,1.8,-1
2842,2843,2849,4.5,0,10,1.1,-1
2843,2844,2855,3.8,10,10,2.4,-1
2844,2845,2851,4.6,0,8,1.2,-1
2845,2846,2855,3.9,10,2,2.7,-1
2846,2847,2868,4.6,5,8,1.7,-1
2847,2848,2855,4.5,6,6,1.9,-1
2848,2849,2861,2.4,8,8,2.7,-1
2849,2850,2869,3.5,8,2,2.7,-1
2850,2851,2867,4.7,3,2,1.8,-1
2851,2852,2873,2.8,6,10,2.3,-1
2852,2853,2854,3.3,0,8,1.6,-1
2853,2854,2855,2.6,1,10,1.8,-1
2854,2855,2856,4.4,3,8,1.6,-1
2855,2856,2858,4.9,3,4,1.6,-1
2856,2857,2859,2.5,4,2,2.5,-1
2857,2858,2878,3.9,1,2,1.8,-1
2858,2859,2860,3.4,0,10,1.5,-1
2859,2860,2882,4.4,5,6,1.9,-1
2860,2861,2871,2.7,7,4,2.7,-1
2861,2862,2867,4.9,0,6,1.2,-1
2862,2863,2868,3.6,3,2,2.1,-1
2863,2864,2869,4.3,9,8,2.2,-1
2864,2865,2867,4.3,10,8,2.3,-1
2865,2866,2872,3.7,1,2,1.9,-1
2866,2867,3011,4.8,6,6,1.9,-1
2867,2868,2885,4.7,1,4,1.5,-1
2868,2869,2873,2.2,7,2,2.9,-1
2869,2870,2871,2.9,10,8,2.7,-1
2870,2871,2879,2.2,10,2,3.2,-1
2871,2872,3016,3.7,4,8,1.9,-1
2872,2873,2875,3.2,9,8,2.5,-1
2873,2874,2877,2.7,9,10,2.6,-1
2874,2875,2892,2.0,6,8,2.6,-1
2875,2876,2877,4.4,9,10,2.1,-1
2876,2877,2879,2.3,10,2,3.2,-1
2877,2878,3022,3.4,5,10,2.0,-1
2878,2879,2880,2.6,1,2,2.2,-1
2879,2880,2881,3.8,1,10,1.5,-1
2880,2881,2903,4.4,3,10,1.5,-1
2881,2882,2887,2.4,8,6,2.8,-1
2882,2883,2888,3.1,7,10,2.3,-1
2883,2884,2937,3.3,3,4,2.1,-1
2884,2885,2888,4.4,0,4,1.5,-1
2885,2886,2897,2.9,6,10,2.2,-1
2886,2887,2894,4.9,5,6,1.7,-1
2887,2888,2894,3.8,8,4,2.5,-1
2888,2889,2895,2.4,4,10,2.2,-1
2889,2890,3034,3.0,5,2,2.5,-1
2890,2891,2902,3.6,10,4,2.7,-1
2891,2892,2915,2.2,8,10,2.6,-1
2892,2893,2895,4.6,6,6,1.9,-1
2893,2894,3038,2.6,3,4,2.3,-1
2894,2895,2897,4.4,5,4,2.0,-1
2895,2896,2899,4.0,7,10,2.0,-1
2896,2897,2899,4.1,9,10,2.2,-1
2897,2898,2903,4.9,9,6,2.1,-1
2898,2899,2920,3.3,2,2,2.1,-1
2899,2900,2908,3.4,0,8,1.6,-1
2900,2901,2902,2.7,0,4,2.0,-1
2901,2902,2917,4.1,7,10,2.0,-1
2902,2903,2908,2.6,7,6,2.6,-1
2903,2904,2915,4.4,6,4,2.1,-1
2904,2905,2909,3.2,0,6,1.7,-1
2905,2906,2934,2.0,5,2,2.8,-1
2906,2907,2918,3.7,2,6,1.8,-1
2907,2908,2930,3.3,10,10,2.5,-1
2908,2909,2920,4.7,5,2,2.0,-1
2909,2910,2912,4.9,3,4,1.6,-1
2910,2911,2927,2.9,3,6,2.1,-1
2911,2912,2918,4.2,5,10,1.7,-1
2912,2913,2915,2.7,3,2,2.4,-1
2913,2914,2926,2.5,4,2,2.5,-1
2914,2915,2920,2.1,10,4,3.2,-1
2915,2916,2917,3.1,1,6,1.9,-1
2916,2917,2923,4.8,4,8,1.6,-1
2917,2918,2927,2.7,5,4,2.5,-1
2918,2919,2924,4.8,9,8,2.1,-1
2919,2920,3064,4.6,1,2,1.6,-1
2920,2921,2927,2.4,2,4,2.3,-1
2921,2922,2924,2.6,6,6,2.5,-1
2922,2923,2924,3.0,6,4,2.5,-1
2923,2924,2931,4.8,9,10,2.0,-1
2924,2925,2934,2.6,8,6,2.7,-1
2925,2926,2928,4.4,5,4,2.0,-1
2926,2927,2934,2.2,4,4,2.5,-1
2927,2928,2930,4.6,9,8,2.1,-1
2928,2929,2932,2.6,1,8,1.9,-1
2929,2930,3074,4.4,9,2,2.5,-1
2930,2931,2933,2.5,6,10,2.4,-1
2931,2932,2936,3.1,8,8,2.5,-1
2932,2933,2939,2.5,5,10,2.2,-1
2933,2934,2938,4.1,7,8,2.1,-1
2934,2935,2936,2.8,6,10,2.3,-1
2935,2936,3080,3.9,3,4,1.9,-1
2936,2937,2949,4.7,7,4,2.1,-1
2937,2938,2946,3.2,4,8,2.0,-1
2938,2939,2940,4.7,9,4,2.3,-1
2939,2940,2942,4.8,5,6,1.8,-1
2940,2941,2945,3.7,2,2,2.0,-1
2941,2942,2944,2.9,8,6,2.6,-1
2942,2943,2970,2.7,0,8,1.8,-1
2943,2944,2959,3.5,5,8,2.1,-1
2944,2945,2948,3.4,6,8,2.2,-1
2945,2946,2948,3.1,7,6,2.5,-1
2946,2947,2948,2.8,0,4,2.0,-1
2947,2948,2953,3.3,4,2,2.3,-1
2948,2949,2956,3.1,1,6,1.9,-1
2949,2950,2953,4.5,8,10,1.9,-1
2950,2951,2955,3.9,4,4,2.0,-1
2951,2952,2977,2.3,1,6,2.1,-1
2952,2953,3097,2.1,3,6,2.4,-1
2953,2954,2957,2.6,5,6,2.4,-1
2954,2955,2957,2.9,10,6,2.8,-1
2955,2956,2962,2.6,9,4,2.9,-1
2956,2957,2971,5.0,8,6,2.0,-1
2957,2958,2959,2.0,4,6,2.5,-1
2958,2959,2961,4.5,6,8,1.9,-1
2959,2960,2961,4.5,10,2,2.5,-1
2960,2961,2970,3.4,8,4,2.6,-1
2961,2962,2968,4.6,3,4,1.7,-1
2962,2963,3107,4.2,3,8,1.6,-1
2963,2964,2967,2.7,9,10,2.6,-1
2964,2965,2967,4.3,7,6,2.1,-1
2965,2966,2972,4.4,5,4,2.0,-1
2966,2967,2977,3.3,6,4,2.4,-1
2967,2968,2985,3.3,8,2,2.7,-1
2968,2969,2970,3.1,9,4,2.8,-1
2969,2970,2972,2.9,0,8,1.7,-1
2970,2971,2973,4.4,5,6,1.9,-1
2971,2972,2974,2.7,6,8,2.4,-1
2972,2973,2978,4.3,8,6,2.2,-1
2973,2974,2983,3.0,0,10,1.6,-1
2974,2975,2976,4.4,2,4,1.7,-1
2975,2976,2984,4.9,5,10,1.5,-1
2976,2977,2979,3.9,9,10,2.2,-1
2977,2978,2985,3.7,6,8,2.1,-1
2978,2979,2983,2.6,6,2,2.7,-1
2979,2980,3007,3.6,3,8,1.8,-1
2980,2981,2985,2.3,9,8,2.8,-1
2981,2982,2984,3.9,4,2,2.1,-1
2982,2983,2984,2.5,10,10,2.8,-1
2983,2984,2996,2.5,9,8,2.8,-1
2984,2985,2995,2.1,3,2,2.6,-1
2985,2986,2992,4.7,6,6,1.9,-1
2986,2987,2997,2.6,4,10,2.1,-1
2987,2988,3001,2.2,0,6,2.0,-1
2988,2989,2990,3.6,2,6,1.8,-1
2989,2990,2996,4.6,6,8,1.8,-1
2990,2991,2993,2.5,1,4,2.1,-1
2991,2992,2993,3.6,7,2,2.5,-1
2992,2993,2994,3.2,3,4,2.1,-1
2993,2994,3004,4.6,4,8,1.6,-1
2994,2995,2998,4.5,10,8,2.2,-1
2995,2996,3001,2.5,9,6,2.9,-1
2996,2997,2999,3.8,8,8,2.3,-1
2997,2998,3002,2.8,0,4,2.0,-1
2998,2999,3011,3.3,6,10,2.1,-1
2999,3000,3004,4.4,8,6,2.2,-1
3000,3001,3002,4.7,7,8,1.9,-1
3001,3002,3018,3.4,0,2,1.9,-1
3002,3003,3008,2.9,7,6,2.5,-1
3003,3004,3013,4.1,4,8,1.8,-1
3004,3005,3006,3.8,2,8,1.7,-1
3005,3006,3022,2.7,9,8,2.7,-1
3006,3007,3024,3.4,10,4,2.8,-1
3007,3008,3011,4.1,1,8,1.5,-1
3008,3009,3014,4.1,0,4,1.6,-1
3009,3010,3029,4.7,2,6,1.5,-1
3010,3011,3020,4.6,8,6,2.1,-1
3011,3012,3019,4.0,1,4,1.7,-1
3012,3013,3015,4.7,6,10,1.7,-1
3013,3014,3015,2.4,5,2,2.7,-1
3014,3015,3032,4.3,8,6,2.2,-1
3015,3016,3017,3.2,2,6,1.9,-1
3016,3017,3028,2.6,0,8,1.8,-1
3017,3018,3025,2.1,10,8,3.0,-1
3018,3019,3031,3.1,6,4,2.5,-1
3019,3020,3023,3.2,0,6,1.7,-1
3020,3021,3025,2.3,2,6,2.2,-1
3021,3022,3030,4.0,7,8,2.1,-1
3022,3023,3029,3.4,1,10,1.6,-1
3023,3024,3168,4.0,7,4,2.3,-1
3024,3025,3032,3.4,4,4,2.2,-1
3025,3026,3031,2.5,0,10,1.8,-1
3026,3027,3031,2.3,4,2,2.6,-1
3027,3028,3029,3.6,6,4,2.3,-1
3028,3029,3032,2.2,0,6,2.0,-1
3029,3030,3047,2.5,5,4,2.5,-1
3030,3031,3037,2.7,0,10,1.7,-1
3031,3032,3033,2.6,0,10,1.7,-1
3032,3033,3177,3.9,10,2,2.7,-1
3033,3034,3035,3.2,4,8,2.0,-1
3034,3035,3038,2.2,0,2,2.2,-1
3035,3036,3038,4.3,3,4,1.8,-1
3036,3037,3052,3.1,3,4,2.2,-1
3037,3038,3039,2.3,6,2,2.8,-1
3038,3039,3042,5.0,5,4,1.8,-1
3039,3040,3046,4.0,1,4,1.7,-1
3040,3041,3044,4.9,1,4,1.4,-1
3041,3042,3047,4.2,0,8,1.3,-1
3042,3043,3047,3.5,5,6,2.2,-1
3043,3044,3045,3.7,3,10,1.7,-1
3044,3045,3050,2.6,8,8,2.6,-1
3045,3046,3050,4.8,1,4,1.5,-1
3046,3047,3053,2.6,5,6,2.4,-1
3047,3048,3057,2.5,6,6,2.5,-1
3048,3049,3050,2.0,3,8,2.3,-1
3049,3050,3068,2.7,10,6,2.9,-1
3050,3051,3065,3.9,5,2,2.2,-1
3051,3052,3067,2.2,3,8,2.2,-1
3052,3053,3059,2.9,9,8,2.6,-1
3053,3054,3070,4.9,1,10,1.1,-1
3054,3055,3058,4.4,9,4,2.4,-1
3055,3056,3058,2.8,1,10,1.8,-1
3056,3057,3065,3.0,10,8,2.7,-1
3057,3058,3065,4.0,2,6,1.7,-1
3058,3059,3065,2.5,5,8,2.4,-1
3059,3060,3061,2.2,0,10,1.8,-1
3060,3061,3069,4.7,7,8,1.9,-1
3061,3062,3069,3.5,3,10,1.8,-1
3062,3063,3068,3.8,0,4,1.7,-1
3063,3064,3077,2.1,1,6,2.2,-1
3064,3065,3078,2.7,6,4,2.6,-1
3065,3066,3067,3.9,0,4,1.6,-1
3066,3067,3074,3.1,4,4,2.3,-1
3067,3068,3083,2.5,3,2,2.5,-1
3068,3069,3074,2.7,9,8,2.7,-1
3069,3070,3072,4.2,5,4,2.0,-1
3070,3071,3080,2.8,10,2,3.1,-1
3071,3072,3088,3.6,6,6,2.2,-1
3072,3073,3074,4.3,3,6,1.7,-1
3073,3074,3075,3.0,3,10,1.9,-1
3074,3075,3087,2.2,10,4,3.1,-1
3075,3076,3078,4.4,3,10,1.5,-1
3076,3077,3079,4.6,8,6,2.1,-1
3077,3078,3087,2.6,10,2,3.1,-1
3078,3079,3087,2.2,7,2,2.9,-1
3079,3080,3087,4.9,0,4,1.3,-1
3080,3081,3085,4.8,2,2,1.7,-1
3081,3082,3089,2.5,8,4,2.9,-1
3082,3083,3094,2.7,1,8,1.9,-1
3083,3084,3092,4.2,4,4,1.9,-1
3084,3085,3102,4.2,3,8,1.6,-1
3085,3086,3087,2.5,3,6,2.2,-1
3086,3087,3092,2.9,7,4,2.6,-1
3087,3088,3091,2.8,7,2,2.8,-1
3088,3089,3233,4.9,5,8,1.6,-1
3089,3090,3091,3.1,7,8,2.4,-1
3090,3091,3096,3.3,9,8,2.5,-1
3091,3092,3110,4.3,7,2,2.3,-1
3092,3093,3095,4.3,6,2,2.2,-1
3093,3094,3134,4.3,4,10,1.6,-1
3094,3095,3096,3.6,8,4,2.5,-1
3095,3096,3110,2.8,7,6,2.6,-1
3096,3097,3098,3.4,6,10,2.1,-1
3097,3098,3242,3.8,1,6,1.7,-1
3098,3099,3100,2.4,7,4,2.8,-1
3099,3100,3130,2.5,3,2,2.5,-1
3100,3101,3102,2.0,8,6,2.9,-1
3101,3102,3103,3.5,6,8,2.2,-1
3102,3103,3109,4.9,5,8,1.6,-1
3103,3104,3139,3.5,10,10,2.5,-1
3104,3105,3112,2.2,0,2,2.2,-1
3105,3106,3117,3.2,9,4,2.7,-1
3106,3107,3116,2.6,6,6,2.5,-1
3107,3108,3109,4.3,5,10,1.7,-1
3108,3109,3112,4.1,10,6,2.5,-1
3109,3110,3128,4.1,10,8,2.4,-1
3110,3111,3117,4.8,3,4,1.7,-1
3111,3112,3256,3.4,5,2,2.4,-1
3112,3113,3125,4.1,10,4,2.6,-1
3113,3114,3128,2.8,7,4,2.7,-1
3114,3115,3131,2.8,9,10,2.6,-1
3115,3116,3124,4.9,2,2,1.6,-1
3116,3117,3121,2.4,1,8,2.0,-1
3117,3118,3122,3.2,9,2,2.8,-1
3118,3119,3126,3.6,3,8,1.8,-1
3119,3120,3137,2.5,6,6,2.5,-1
3120,3121,3123,4.1,8,10,2.1,-1
3121,3122,3144,4.0,6,10,1.9,-1
3122,3123,3126,2.9,6,2,2.6,-1
3123,3124,3125,2.3,9,6,2.9,-1
3124,3125,3148,4.4,4,4,1.9,-1
3125,3126,3129,4.8,6,6,1.9,-1
3126,3127,3149,2.0,2,8,2.2,-1
3127,3128,3135,2.0,1,8,2.1,-1
3128,3129,3139,3.6,10,6,2.6,-1
3129,3130,3136,4.2,2,4,1.7,-1
3130,3131,3137,3.1,2,4,2.1,-1
3131,3132,3133,3.5,8,2,2.7,-1
3132,3133,3140,3.4,3,4,2.1,-1
3133,3134,3159,2.6,2,4,2.2,-1
3134,3135,3138,2.8,6,8,2.4,-1
3135,3136,3137,3.9,9,2,2.6,-1
3136,3137,3139,4.6,2,2,1.7,-1
3137,3138,3139,2.9,6,2,2.6,-1
3138,3139,3152,2.8,5,2,2.6,-1
3139,3140,3141,3.8,7,8,2.2,-1
3140,3141,3143,4.0,1,2,1.8,-1
3141,3142,3143,2.2,0,10,1.8,-1
3142,3143,3287,4.4,0,2,1.6,-1
3143,3144,3169,2.6,0,8,1.8,-1
3144,3145,3148,3.8,4,8,1.9,-1
3145,3146,3148,3.4,5,10,2.0,-1
3146,3147,3148,3.3,5,6,2.2,-1
3147,3148,3159,5.0,3,6,1.5,-1
3148,3149,3152,4.0,6,10,1.9,-1
3149,3150,3152,2.2,5,6,2.5,-1
3150,3151,3152,4.4,0,8,1.3,-1
3151,3152,3165,4.6,6,4,2.0,-1
3152,3153,3157,2.1,1,10,2.0,-1
3153,3154,3155,2.8,3,6,2.2,-1
3154,3155,3172,3.4,10,8,2.6,-1
3155,3156,3160,3.5,10,4,2.8,-1
3156,3157,3183,2.0,10,6,3.1,-1
3157,3158,3166,2.0,5,2,2.8,-1
3158,3159,3160,4.9,5,8,1.6,-1
3159,3160,3177,2.7,7,8,2.5,-1
3160,3161,3166,4.2,1,6,1.5,-1
3161,3162,3178,3.3,7,2,2.6,-1
3162,3163,3186,4.2,4,10,1.6,-1
3163,3164,3169,2.6,2,10,1.9,-1
3164,3165,3167,4.6,8,2,2.3,-1
3165,3166,3181,2.4,1,6,2.1,-1
3166,3167,3172,4.5,8,8,2.0,-1
3167,3168,3312,2.5,7,2,2.9,-1
3168,3169,3172,3.4,8,4,2.6,-1
3169,3170,3173,2.7,2,2,2.3,-1
3170,3171,3174,2.3,0,4,2.1,-1
3171,3172,3175,4.8,5,8,1.7,-1
3172,3173,3195,4.3,3,6,1.7,-1
3173,3174,3205,4.0,10,2,2.7,-1
3174,3175,3203,4.0,8,8,2.2,-1
3175,3176,3187,2.3,5,4,2.6,-1
3176,3177,3207,4.8,9,2,2.4,-1
3177,3178,3179,3.9,6,8,2.0,-1
3178,3179,3193,4.0,8,8,2.2,-1
3179,3180,3181,4.4,3,6,1.7,-1
3180,3181,3186,2.3,1,2,2.3,-1
3181,3182,3183,2.3,9,4,3.0,-1
3182,3183,3186,4.2,1,10,1.3,-1
3183,3184,3186,3.1,5,8,2.2,-1
3184,3185,3189,3.7,0,6,1.6,-1
3185,3186,3196,2.2,8,4,2.9,-1
3186,3187,3205,4.5,6,6,1.9,-1
3187,3188,3195,4.3,10,4,2.5,-1
3188,3189,3200,3.6,9,10,2.3,-1
3189,3190,3194,2.7,6,2,2.7,-1
3190,3191,3192,3.6,7,6,2.3,-1
3191,3192,3195,2.4,4,4,2.5,-1
3192,3193,3195,3.5,7,4,2.5,-1
3193,3194,3207,3.8,2,2,2.0,-1
3194,3195,3206,3.8,4,10,1.8,-1
3195,3196,3200,5.0,1,6,1.3,-1
3196,3197,3199,5.0,9,8,2.0,-1
3197,3198,3205,3.9,3,8,1.7,-1
3198,3199,3200,2.9,6,2,2.6,-1
3199,3200,3210,4.9,5,4,1.8,-1
3200,3201,3207,4.5,3,4,1.8,-1
3201,3202,3226,4.1,0,4,1.6,-1
3202,3203,3204,4.6,6,6,1.9,-1
3203,3204,3208,5.0,10,4,2.3,-1
3204,3205,3217,5.0,8,8,1.9,-1
3205,3206,3350,3.0,10,8,2.7,-1
3206,3207,3233,5.0,6,8,1.7,-1
3207,3208,3210,2.2,4,6,2.4,-1
3208,3209,3214,4.1,3,10,1.6,-1
3209,3210,3212,3.2,2,6,1.9,-1
3210,3211,3216,4.3,9,2,2.5,-1
3211,3212,3217,4.5,4,8,1.6,-1
3212,3213,3215,4.0,9,4,2.5,-1
3213,3214,3217,3.3,7,6,2.4,-1
3214,3215,3228,4.7,3,4,1.7,-1
3215,3216,3360,4.4,3,2,1.9,-1
3216,3217,3226,3.1,9,2,2.9,-1
3217,3218,3221,4.0,2,8,1.6,-1
3218,3219,3221,4.9,6,4,1.9,-1
3219,3220,3227,4.8,1,6,1.4,-1
3220,3221,3222,4.9,2,2,1.6,-1
3221,3222,3236,2.4,8,6,2.8,-1
3222,3223,3231,3.8,2,8,1.7,-1
3223,3224,3229,2.7,1,4,2.1,-1
3224,3225,3226,3.2,4,10,1.9,-1
3225,3226,3230,4.9,10,8,2.1,-1
3226,3227,3229,4.3,10,2,2.6,-1
3227,3228,3230,4.3,10,8,2.3,-1
3228,3229,3236,2.8,10,8,2.8,-1
3229,3230,3232,3.1,1,2,2.1,-1
3230,3231,3238,2.2,7,10,2.5,-1
3231,3232,3237,2.7,9,10,2.6,-1
3232,3233,3243,5.0,7,6,1.9,-1
3233,3234,3249,4.1,1,10,1.4,-1
3234,3235,3247,2.5,7,8,2.5,-1
3235,3236,3247,2.9,2,2,2.2,-1
3236,3237,3244,3.0,8,4,2.7,-1
3237,3238,3242,3.2,0,8,1.6,-1
3238,3239,3241,3.7,8,10,2.2,-1
3239,3240,3244,3.5,8,10,2.2,-1
3240,3241,3385,3.6,10,2,2.8,-1
3241,3242,3254,4.3,3,2,1.9,-1
3242,3243,3251,2.5,9,4,3.0,-1
3243,3244,3252,2.0,7,6,2.8,-1
3244,3245,3246,2.4,2,10,2.0,-1
3245,3246,3255,2.6,2,2,2.3,-1
3246,3247,3249,3.7,0,2,1.8,-1
3247,3248,3254,4.9,8,6,2.0,-1
3248,3249,3260,3.1,8,4,2.7,-1
3249,3250,3254,3.3,10,2,2.9,-1
3250,3251,3252,2.7,0,10,1.7,-1
3251,3252,3396,4.7,4,10,1.5,-1
3252,3253,3264,3.3,9,8,2.5,-1
3253,3254,3261,4.1,8,6,2.3,-1
3254,3255,3257,3.8,8,4,2.5,-1
3255,3256,3258,4.1,10,2,2.7,-1
3256,3257,3258,2.7,3,4,2.3,-1
3257,3258,3277,2.9,3,4,2.2,-1
3258,3259,3272,3.8,3,10,1.7,-1
3259,3260,3261,3.1,2,10,1.8,-1
3260,3261,3268,3.3,8,6,2.5,-1
3261,3262,3266,2.8,10,4,3.0,-1
3262,3263,3270,3.2,1,6,1.8,-1
3263,3264,3268,4.0,2,10,1.5,-1
3264,3265,3278,2.6,10,6,2.9,-1
3265,3266,3270,5.0,10,4,2.3,-1
3266,3267,3269,4.1,9,10,2.2,-1
3267,3268,3275,3.8,6,4,2.3,-1
3268,3269,3279,2.9,6,8,2.3,-1
3269,3270,3279,2.1,9,4,3.1,-1
3270,3271,3273,2.2,1,10,1.9,-1
3271,3272,3277,2.3,8,8,2.7,-1
3272,3273,3275,2.2,10,2,3.2,-1
3273,3274,3277,3.1,5,6,2.3,-1
3274,3275,3305,2.4,3,6,2.3,-1
3275,3276,3277,2.0,6,4,2.8,-1
3276,3277,3283,3.1,1,2,2.1,-1
3277,3278,3282,2.5,4,10,2.1,-1
3278,3279,3281,4.5,7,2,2.2,-1
3279,3280,3290,3.6,9,6,2.5,-1
3280,3281,3283,3.7,9,2,2.7,-1
3281,3282,3308,4.7,2,6,1.5,-1
3282,3283,3286,4.8,6,4,2.0,-1
3283,3284,3428,3.0,10,10,2.6,-1
3284,3285,3286,3.7,6,8,2.1,-1
3285,3286,3295,3.8,4,2,2.2,-1
3286,3287,3300,4.1,2,4,1.8,-1
3287,3288,3293,2.4,9,6,2.9,-1
3288,3289,3290,2.2,10,6,3.0,-1
3289,3290,3300,4.1,3,10,1.6,-1
3290,3291,3293,3.3,7,4,2.5,-1
3291,3292,3303,3.3,5,8,2.1,-1
3292,3293,3304,3.5,4,8,2.0,-1
3293,3294,3296,3.6,3,6,1.9,-1
3294,3295,3297,3.9,1,6,1.6,-1
3295,3296,3440,3.2,5,2,2.4,-1
3296,3297,3441,3.9,1,4,1.7,-1
3297,3298,3327,4.8,2,10,1.3,-1
3298,3299,3309,2.2,4,10,2.2,-1
3299,3300,3322,4.8,0,8,1.2,-1
3300,3301,3315,4.0,2,8,1.6,-1
3301,3302,3446,3.5,10,10,2.5,-1
3302,3303,3308,4.1,6,2,2.3,-1
3303,3304,3306,3.8,0,8,1.5,-1
3304,3305,3309,4.1,5,4,2.1,-1
3305,3306,3328,5.0,10,10,2.0,-1
3306,3307,3316,4.1,0,10,1.3,-1
3307,3308,3311,3.3,2,10,1.7,-1
3308,3309,3312,4.7,2,2,1.7,-1
3309,3310,3320,3.1,2,10,1.8,-1
3310,3311,3316,3.1,0,8,1.7,-1
3311,3312,3315,3.5,2,6,1.9,-1
3312,3313,3319,4.9,5,4,1.8,-1
3313,3314,3315,4.5,1,6,1.4,-1
3314,3315,3322,2.9,4,6,2.2,-1
3315,3316,3460,2.6,10,10,2.7,-1
3316,3317,3322,3.2,4,10,1.9,-1
3317,3318,3334,4.5,0,8,1.2,-1
3318,3319,3322,4.7,7,2,2.2,-1
3319,3320,3329,3.1,9,8,2.6,-1
3320,3321,3465,3.0,5,2,2.5,-1
3321,3322,3335,2.0,2,8,2.2,-1
3322,3323,3327,3.1,1,8,1.8,-1
3323,3324,3334,3.5,1,10,1.6,-1
3324,3325,3331,3.5,2,8,1.8,-1
3325,3326,3327,2.4,7,2,2.9,-1
3326,3327,3333,2.5,10,6,3.0,-1
3327,3328,3331,2.7,6,6,2.5,-1
3328,3329,3339,2.9,6,4,2.5,-1
3329,3330,3334,3.6,4,2,2.2,-1
3330,3331,3337,5.0,10,8,2.1,-1
3331,3332,3337,2.5,5,8,2.4,-1
3332,3333,3337,2.0,3,2,2.6,-1
3333,3334,3478,2.6,0,4,2.0,-1
3334,3335,3336,3.2,5,2,2.4,-1
3335,3336,3351,2.5,3,8,2.2,-1
3336,3337,3356,4.9,4,2,1.8,-1
3337,3338,3346,3.3,8,8,2.4,-1
3338,3339,3351,4.4,2,6,1.6,-1
3339,3340,3350,4.3,6,10,1.8,-1
3340,3341,3348,4.2,6,4,2.1,-1
3341,3342,3348,2.3,1,2,2.3,-1
3342,3343,3346,2.4,5,10,2.3,-1
3343,3344,3345,2.0,10,4,3.2,-1
3344,3345,3349,2.2,5,8,2.4,-1
3345,3346,3490,4.9,0,8,1.1,-1
3346,3347,3349,3.4,4,8,2.0,-1
3347,3348,3349,2.2,6,4,2.7,-1
3348,3349,3353,3.9,8,4,2.4,-1
3349,3350,3358,2.7,1,6,2.0,-1
3350,3351,3352,5.0,3,8,1.4,-1
3351,3352,3356,2.6,1,10,1.8,-1
3352,3353,3357,3.8,3,10,1.7,-1
3353,3354,3355,3.9,2,4,1.8,-1
3354,3355,3381,2.4,6,2,2.8,-1
3355,3356,3357,2.8,3,4,2.3,-1
3356,3357,3358,3.3,9,4,2.7,-1
3357,3358,3361,2.3,0,8,1.9,-1
3358,3359,3379,3.2,4,4,2.2,-1
3359,3360,3363,2.7,6,8,2.4,-1
3360,3361,3366,2.2,6,2,2.8,-1
3361,3362,3368,2.9,4,6,2.2,-1
3362,3363,3369,2.8,5,8,2.3,-1
3363,3364,3367,2.7,0,4,2.0,-1
3364,3365,3369,2.1,0,6,2.1,-1
3365,3366,3368,2.6,7,6,2.6,-1
3366,3367,3376,4.7,1,8,1.3,-1
3367,3368,3369,2.6,7,6,2.6,-1
3368,3369,3381,3.0,1,2,2.1,-1
3369,3370,3378,4.0,10,10,2.3,-1
3370,3371,3384,4.3,2,6,1.6,-1
3371,3372,3390,3.1,5,10,2.1,-1
3372,3373,3377,3.6,5,4,2.2,-1
3373,3374,3377,4.0,3,10,1.6,-1
3374,3375,3382,3.2,1,4,1.9,-1
3375,3376,3383,3.9,9,2,2.6,-1
3376,3377,3390,2.1,10,4,3.2,-1
3377,3378,3382,2.6,7,2,2.8,-1
3378,3379,3384,2.2,8,10,2.6,-1
3379,3380,3397,3.0,7,4,2.6,-1
3380,3381,3394,3.6,2,2,2.0,-1
3381,3382,3383,2.4,6,10,2.4,-1
3382,3383,3384,4.1,8,6,2.3,-1
3383,3384,3385,4.7,7,2,2.2,-1
3384,3385,3389,4.7,1,8,1.3,-1
3385,3386,3392,3.3,8,2,2.7,-1
3386,3387,3531,2.5,4,4,2.5,-1
3387,3388,3392,2.9,9,2,2.9,-1
3388,3389,3398,4.4,3,8,1.6,-1
3389,3390,3398,3.5,8,10,2.2,-1
3390,3391,3398,4.9,2,8,1.3,-1
3391,3392,3426,4.3,6,10,1.8,-1
3392,3393,3415,4.3,6,10,1.8,-1
3393,3394,3398,2.8,2,2,2.3,-1
3394,3395,3396,2.5,3,10,2.0,-1
3395,3396,3406,4.1,8,8,2.2,-1
3396,3397,3398,3.5,8,6,2.5,-1
3397,3398,3399,2.9,3,6,2.1,-1
3398,3399,3543,4.1,8,2,2.5,-1
3399,3400,3544,2.5,0,10,1.8,-1
3400,3401,3403,2.7,0,4,2.0,-1
3401,3402,3405,4.8,4,4,1.8,-1
3402,3403,3414,2.8,0,4,2.0,-1
3403,3404,3406,5.0,3,10,1.3,-1
3404,3405,3417,2.3,10,6,3.0,-1
3405,3406,3408,3.9,5,6,2.0,-1
3406,3407,3410,2.2,8,6,2.8,-1
3407,3408,3431,4.2,6,10,1.8,-1
3408,3409,3414,2.9,0,2,2.0,-1
3409,3410,3411,4.5,3,6,1.6,-1
3410,3411,3415,2.5,0,10,1.8,-1
3411,3412,3425,4.0,9,2,2.6,-1
3412,3413,3422,4.2,6,6,2.0,-1
3413,3414,3424,4.6,10,10,2.1,-1
3414,3415,3419,3.7,7,4,2.4,-1
3415,3416,3560,3.0,3,10,1.9,-1
3416,3417,3441,3.9,6,4,2.2,-1
3417,3418,3419,3.3,6,6,2.3,-1
3418,3419,3428,2.4,7,2,2.9,-1
3419,3420,3428,3.5,7,4,2.5,-1
3420,3421,3423,4.4,2,4,1.7,-1
3421,3422,3424,3.7,2,6,1.8,-1
3422,3423,3426,2.1,2,4,2.4,-1
3423,3424,3439,4.5,10,10,2.1,-1
3424,3425,3447,2.6,2,2,2.3,-1
3425,3426,3445,3.3,7,8,2.3,-1
3426,3427,3432,2.3,8,4,2.9,-1
3427,3428,3446,4.2,0,10,1.2,-1
3428,3429,3436,2.3,6,2,2.8,-1
3429,3430,3435,2.3,0,2,2.2,-1
3430,3431,3438,2.4,1,6,2.1,-1
3431,3432,3438,2.4,10,10,2.8,-1
3432,3433,3441,2.0,0,2,2.3,-1
3433,3434,3444,3.6,5,2,2.3,-1
3434,3435,3443,2.6,7,10,2.4,-1
3435,3436,3439,4.7,2,6,1.5,-1
3436,3437,3439,3.0,2,4,2.1,-1
3437,3438,3443,2.2,4,10,2.2,-1
3438,3439,3455,2.4,0,2,2.2,-1
3439,3440,3443,3.6,1,10,1.5,-1
3440,3441,3447,4.7,6,4,2.0,-1
3441,3442,3481,2.0,3,2,2.6,-1
3442,3443,3448,2.7,6,4,2.6,-1
3443,3444,3446,3.1,4,4,2.3,-1
3444,3445,3454,4.8,10,8,2.2,-1
3445,3446,3448,4.1,1,8,1.5,-1
3446,3447,3451,2.5,1,4,2.1,-1
3447,3448,3452,2.3,4,6,2.4,-1
3448,3449,3453,2.2,5,2,2.7,-1
3449,3450,3455,3.1,1,2,2.1,-1
3450,3451,3457,3.8,2,8,1.7,-1
3451,3452,3457,3.6,9,4,2.6,-1
3452,3453,3461,4.0,2,6,1.7,-1
3453,3454,3456,3.9,4,6,1.9,-1
3454,3455,3470,4.6,4,8,1.6,-1
3455,3456,3463,4.0,4,2,2.1,-1
3456,3457,3464,4.4,2,4,1.7,-1
3457,3458,3459,3.0,6,8,2.3,-1
3458,3459,3493,4.2,7,2,2.3,-1
3459,3460,3464,2.3,6,6,2.6,-1
3460,3461,3467,2.4,5,4,2.6,-1
3461,3462,1882,2.5,6,6,2.5,-1
3462,3463,3472,3.0,6,8,2.3,-1
3463,3464,3466,4.1,6,10,1.9,-1
3464,3465,3483,4.4,5,4,2.0,-1
3465,3466,3468,4.4,10,4,2.5,-1
3466,3467,3485,3.1,8,8,2.5,-1
3467,3468,3469,3.6,7,10,2.1,-1
3468,3469,3490,3.6,3,8,1.8,-1
3469,3470,3472,2.3,6,10,2.4,-1
3470,3471,3475,3.7,3,2,2.1,-1
3471,3472,3477,2.7,0,4,2.0,-1
3472,3473,3503,5.0,0,6,1.2,-1
3473,3474,3477,3.7,2,2,2.0,-1
3474,3475,3482,2.2,5,6,2.5,-1
3475,3476,3478,4.5,2,6,1.5,-1
3476,3477,3480,3.4,8,8,2.4,-1
3477,3478,1898,2.7,3,2,2.4,-1
3478,3479,3484,4.2,1,4,1.6,-1
3479,3480,3482,3.1,0,8,1.7,-1
3480,3481,3483,3.1,1,10,1.7,-1
3481,3482,3500,2.2,9,4,3.0,-1
3482,3483,3486,2.1,5,4,2.7,-1
3483,3484,3486,2.2,1,2,2.3,-1
3484,3485,3487,3.7,6,4,2.3,-1
3485,3486,3498,4.3,7,4,2.2,-1
3486,3487,3491,4.2,4,8,1.7,-1
3487,3488,3498,3.2,5,8,2.1,-1
3488,3489,3490,4.3,0,6,1.4,-1
3489,3490,3495,2.3,0,2,2.2,-1
3490,3491,3492,3.8,2,10,1.6,-1
3491,3492,3498,2.5,6,8,2.5,-1
3492,3493,3499,4.0,7,10,2.0,-1
3493,3494,3518,4.1,4,10,1.7,-1
3494,3495,3497,3.5,3,8,1.9,-1
3495,3496,3504,4.8,4,2,1.9,-1
3496,3497,3499,3.6,2,4,1.9,-1
3497,3498,3502,3.2,0,4,1.8,-1
3498,3499,3523,3.2,8,10,2.3,-1
3499,3500,3518,4.5,7,8,1.9,-1
3500,3501,3508,2.9,10,8,2.7,-1
3501,3502,3512,4.5,2,2,1.7,-1
3502,3503,3504,4.4,10,8,2.3,-1
3503,3504,3513,2.6,1,2,2.2,-1
3504,3505,3507,2.2,9,6,2.9,-1
3505,3506,3511,2.1,4,4,2.6,-1
3506,3507,3523,3.6,1,4,1.8,-1
3507,3508,3513,3.8,4,4,2.1,-1
3508,3509,3515,3.7,10,2,2.8,-1
3509,3510,3522,2.7,1,10,1.8,-1
3510,3511,3517,3.7,9,8,2.4,-1
3511,3512,3513,2.1,5,2,2.8,-1
3512,3513,3522,4.8,0,6,1.3,-1
3513,3514,3520,4.3,6,10,1.8,-1
3514,3515,3524,2.6,6,6,2.5,-1
3515,3516,3519,4.9,10,2,2.4,-1
3516,3517,3518,3.0,8,2,2.8,-1
3517,3518,3536,3.5,2,2,2.0,-1
3518,3519,3522,3.8,6,8,2.1,-1
3519,3520,3525,3.8,0,6,1.6,-1
3520,3521,3522,2.5,10,8,2.9,-1
3521,3522,3541,2.2,10,2,3.2,-1
3522,3523,3525,4.9,3,4,1.6,-1
3523,3524,3528,4.4,10,4,2.5,-1
3524,3525,3528,4.3,2,10,1.4,-1
3525,3526,3537,3.5,9,10,2.4,-1
3526,3527,1947,4.8,5,8,1.7,-1
3527,3528,3536,4.4,5,6,1.9,-1
3528,3529,3530,3.1,6,2,2.6,-1
3529,3530,3532,4.7,10,8,2.2,-1
3530,3531,3532,2.7,9,10,2.6,-1
3531,3532,3537,2.2,2,10,2.0,-1
3532,3533,3534,3.9,7,2,2.4,-1
3533,3534,3560,4.4,2,6,1.6,-1
3534,3535,3549,3.6,1,8,1.6,-1
3535,3536,1956,2.3,5,4,2.6,-1
3536,3537,3539,4.8,2,2,1.7,-1
3537,3538,3544,2.8,5,6,2.4,-1
3538,3539,3540,2.3,2,8,2.1,-1
3539,3540,3546,2.8,7,6,2.6,-1
3540,3541,3552,4.3,7,4,2.2,-1
3541,3542,3552,4.8,9,8,2.1,-1
3542,3543,3545,2.1,4,8,2.4,-1
3543,3544,3549,3.2,9,4,2.7,-1
3544,3545,3561,3.3,8,10,2.3,-1
3545,3546,3551,4.9,5,2,1.9,-1
3546,3547,3570,4.0,8,8,2.2,-1
3547,3548,3564,2.8,10,2,3.1,-1
3548,3549,1969,3.9,10,2,2.7,-1
3549,3550,3551,4.2,3,10,1.5,-1
3550,3551,3579,2.0,1,6,2.2,-1
3551,3552,3556,3.1,9,8,2.6,-1
3552,3553,3557,4.6,3,8,1.5,-1
3553,3554,3557,4.6,10,2,2.5,-1
3554,3555,3563,3.0,7,10,2.3,-1
3555,3556,3567,4.7,7,2,2.2,-1
3556,3557,3559,2.3,1,8,2.0,-1
3557,3558,3559,4.3,3,8,1.6,-1
3558,3559,3560,3.0,5,6,2.3,-1
3559,3560,3574,5.0,7,4,2.0,-1
3560,3561,3565,4.1,7,2,2.4,-1
3561,3562,3575,2.8,0,10,1.7,-1
3562,3563,3566,2.5,7,4,2.8,-1
3563,3564,3573,3.9,5,10,1.8,-1
3564,3565,3577,2.1,9,8,2.9,-1
3565,3566,3575,2.2,5,8,2.4,-1
3566,3567,3572,4.9,3,2,1.7,-1
3567,3568,3580,2.6,0,8,1.8,-1
3568,3569,3576,2.8,10,4,3.0,-1
3569,3570,3572,2.3,1,6,2.1,-1
3570,3571,3573,3.2,4,8,2.0,-1
3571,3572,3578,4.6,8,4,2.2,-1
3572,3573,3577,4.0,4,4,2.0,-1
3573,3574,3579,4.5,1,8,1.4,-1
3574,3575,3581,3.0,4,4,2.3,-1
3575,3576,3579,2.6,6,8,2.4,-1
3576,3577,3579,3.4,2,8,1.8,-1
3577,3578,3583,3.1,9,8,2.6,-1
3578,3579,3586,4.5,8,10,1.9,-1
3579,3580,3581,2.6,10,10,2.7,-1
3580,3581,3583,3.8,5,6,2.1,-1
3581,3582,3589,2.0,7,4,2.9,-1
3582,3583,3584,3.5,5,2,2.4,-1
3583,3584,2004,4.4,10,8,2.3,-1
3584,3585,3586,2.8,0,8,1.8,-1
3585,3586,3588,4.8,2,8,1.4,-1
3586,3587,2007,3.9,9,2,2.6,-1
3587,3588,2008,2.1,3,8,2.3,-1
3588,3589,2009,4.1,2,10,1.5,-1
3589,3590,2010,3.1,5,4,2.4,-1
3590,3591,2011,4.9,10,10,2.0,-1
3591,3592,3603,4.9,5,6,1.7,-1
3592,3593,3596,2.0,4,10,2.3,-1
3593,3594,3601,4.5,1,8,1.4,-1
3594,3595,3599,3.9,7,8,2.1,-1
3595,3596,3629,3.2,5,10,2.0,-1
3596,3597,3598,3.3,5,2,2.4,-1
3597,3598,3618,4.8,7,8,1.9,-1
3598,3599,3606,3.1,8,10,2.4,-1
3599,3600,3604,2.5,6,8,2.5,-1
3600,3601,3622,2.9,10,8,2.7,-1
3601,3602,3607,3.9,9,2,2.6,-1
3602,3603,3604,5.0,1,2,1.5,-1
3603,3604,3627,3.9,9,8,2.3,-1
3604,3605,3609,2.3,9,10,2.7,-1
3605,3606,3609,2.3,7,10,2.5,-1
3606,3607,3631,3.7,0,6,1.6,-1
3607,3608,3619,4.6,3,4,1.7,-1
3608,3609,3611,4.3,8,8,2.1,-1
3609,3610,3643,2.3,7,2,2.9,-1
3610,3611,3623,3.1,7,8,2.4,-1
3611,3612,3624,4.7,10,8,2.2,-1
3612,3613,3620,2.0,5,4,2.7,-1
3613,3614,3620,3.5,4,6,2.1,-1
3614,3615,3633,2.9,6,4,2.5,-1
3615,3616,3633,2.0,6,2,2.9,-1
3616,3617,3625,2.0,2,6,2.3,-1
3617,3618,3622,4.5,8,10,1.9,-1
3618,3619,3620,3.0,2,10,1.8,-1
3619,3620,3621,5.0,3,10,1.3,-1
3620,3621,3622,4.9,3,10,1.3,-1
3621,3622,3647,3.9,0,10,1.3,-1
3622,3623,3626,3.3,10,8,2.6,-1
3623,3624,3625,4.9,2,8,1.3,-1
3624,3625,3632,4.7,8,4,2.2,-1
3625,3626,3633,3.3,1,4,1.9,-1
3626,3627,3642,3.5,10,10,2.5,-1
3627,3628,3637,4.4,10,6,2.4,-1
3628,3629,3631,4.5,2,6,1.5,-1
3629,3630,3634,2.6,1,2,2.2,-1
3630,3631,3655,3.3,10,10,2.5,-1
3631,3632,3637,2.5,9,10,2.6,-1
3632,3633,3645,4.8,1,10,1.2,-1
3633,3634,3644,3.1,2,8,1.9,-1
3634,3635,3645,3.9,5,4,2.1,-1
3635,3636,3647,2.7,3,6,2.2,-1
3636,3637,3642,2.6,3,8,2.1,-1
3637,3638,3642,4.3,10,2,2.6,-1
3638,3639,3646,2.8,2,2,2.3,-1
3639,3640,3641,3.9,9,2,2.6,-1
3640,3641,3654,2.3,9,2,3.1,-1
3641,3642,3650,2.3,4,6,2.4,-1
3642,3643,3649,4.7,1,2,1.6,-1
3643,3644,3660,3.5,5,4,2.2,-1
3644,3645,3648,3.2,7,2,2.6,-1
3645,3646,3650,3.2,7,2,2.6,-1
3646,3647,3652,2.6,6,8,2.4,-1
3647,3648,3655,4.7,10,8,2.2,-1
3648,3649,3657,4.4,2,6,1.6,-1
3649,3650,3673,2.0,2,10,2.1,-1
3650,3651,4023,3.9,0,2,1.7,-1
3651,3652,3663,4.9,5,8,1.6,-1
3652,3653,3656,5.0,9,10,1.9,-1
3653,3654,3662,2.0,8,6,2.9,-1
3654,3655,3665,4.8,3,10,1.4,-1
3655,3656,3668,2.1,0,10,1.9,-1
3656,3657,3670,3.5,2,4,2.0,-1
3657,3658,3664,4.6,1,4,1.5,-1
3658,3659,3660,2.1,2,4,2.4,-1
3659,3660,3670,2.3,2,6,2.2,-1
3660,3661,3678,2.8,3,2,2.4,-1
3661,3662,3664,3.0,8,6,2.6,-1
3662,3663,3695,3.4,7,8,2.3,-1
3663,3664,3671,3.5,6,4,2.4,-1
3664,3665,3670,2.8,3,6,2.2,-1
3665,3666,3684,4.9,1,10,1.1,-1
3666,3667,3669,4.4,9,6,2.3,-1
3667,3668,3690,2.5,3,8,2.2,-1
3668,3669,3681,3.3,7,8,2.3,-1
3669,3670,3679,3.8,4,6,2.0,-1
3670,3671,3672,3.9,9,8,2.3,-1
3671,3672,3680,3.3,9,6,2.6,-1
3672,3673,3677,3.1,10,2,3.0,-1
3673,3674,3690,3.3,0,10,1.5,-1
3674,3675,3676,2.8,6,6,2.5,-1
3675,3676,3682,3.8,10,10,2.4,-1
3676,3677,3694,3.1,0,2,2.0,-1
3677,3678,3680,2.5,5,8,2.4,-1
3678,3679,3719,4.4,5,4,2.0,-1
3679,3680,3684,2.2,10,6,3.0,-1
3680,3681,3693,3.1,5,2,2.5,-1
3681,3682,3691,2.0,0,6,2.1,-1
3682,3683,3701,2.6,9,6,2.8,-1
3683,3684,3689,4.7,8,2,2.3,-1
3684,3685,3686,3.2,9,4,2.7,-1
3685,3686,3693,3.6,1,10,1.5,-1
3686,3687,3711,2.8,9,2,3.0,-1
3687,3688,3689,3.7,10,8,2.5,-1
3688,3689,3704,4.0,6,6,2.1,-1
3689,3690,3696,4.4,3,4,1.8,-1
3690,3691,3697,2.1,7,8,2.7,-1
3691,3692,3715,2.1,4,8,2.4,-1
3692,3693,3694,2.4,7,4,2.8,-1
3693,3694,3696,3.8,9,8,2.4,-1
3694,3695,3717,2.7,0,6,1.9,-1
3695,3696,3702,2.1,9,2,3.2,-1
3696,3697,3704,4.7,4,4,1.8,-1
3697,3698,3700,4.5,6,2,2.1,-1
3698,3699,3700,4.7,8,2,2.3,-1
3699,3700,3702,3.0,0,2,2.0,-1
3700,3701,3702,3.4,6,6,2.3,-1
3701,3702,3718,2.8,5,8,2.3,-1
3702,3703,3706,2.2,5,8,2.4,-1
3703,3704,3707,3.8,6,6,2.2,-1
3704,3705,3708,4.1,7,8,2.1,-1
3705,3706,3708,4.5,1,6,1.4,-1
3706,3707,3743,4.8,1,2,1.6,-1
3707,3708,3715,2.7,0,4,2.0,-1
3708,3709,3713,2.3,5,8,2.4,-1
3709,3710,3720,2.7,1,4,2.1,-1
3710,3711,3712,4.2,5,10,1.7,-1
3711,3712,3719,5.0,0,6,1.2,-1
3712,3713,3716,4.6,0,2,1.5,-1
3713,3714,3717,2.1,4,2,2.7,-1
3714,3715,3718,2.8,9,8,2.7,-1
3715,3716,3718,2.8,2,4,2.2,-1
3716,3717,3720,3.8,1,4,1.8,-1
3717,3718,3720,3.0,2,10,1.8,-1
3718,3719,3728,4.7,6,8,1.8,-1
3719,3720,3727,4.0,8,10,2.1,-1
3720,3721,3723,2.7,7,8,2.5,-1
3721,3722,3731,4.9,5,8,1.6,-1
3722,3723,3725,2.7,4,6,2.3,-1
3723,3724,3733,4.1,5,10,1.8,-1
3724,3725,3726,4.5,3,4,1.8,-1
3725,3726,3747,4.1,1,8,1.5,-1
3726,3727,3735,2.2,0,4,2.1,-1
3727,3728,3731,3.4,6,4,2.4,-1
3728,3729,3737,3.5,5,4,2.2,-1
3729,3730,3733,4.4,8,10,2.0,-1
3730,3731,3740,4.6,4,8,1.6,-1
3731,3732,3739,4.0,8,2,2.5,-1
3732,3733,3734,4.7,3,6,1.6,-1
3733,3734,3646,3.2,7,10,2.2,-1
3734,3735,3769,3.5,6,4,2.4,-1
3735,3736,3738,2.2,6,4,2.7,-1
3736,3737,3743,4.1,9,2,2.6,-1
3737,3738,3740,2.4,1,2,2.3,-1
3738,3739,3741,2.7,7,4,2.7,-1
3739,3740,3748,2.8,7,10,2.4,-1
3740,3741,3749,3.4,4,2,2.3,-1
3741,3742,3654,4.8,1,6,1.4,-1
3742,3743,3757,3.3,2,8,1.8,-1
3743,3744,3755,3.5,8,6,2.5,-1
3744,3745,3751,2.2,4,6,2.4,-1
3745,3746,3751,2.3,10,8,2.9,-1
3746,3747,3761,4.2,6,4,2.1,-1
3747,3748,3749,2.9,6,4,2.5,-1
3748,3749,3762,3.8,8,10,2.2,-1
3749,3750,3757,3.5,6,2,2.5,-1
3750,3751,3761,4.0,10,4,2.6,-1
3751,3752,3756,4.9,3,2,1.7,-1
3752,3753,3760,2.2,0,10,1.8,-1
3753,3754,3755,2.8,1,10,1.8,-1
3754,3755,3757,2.3,3,10,2.1,-1
3755,3756,3757,4.1,6,8,2.0,-1
3756,3757,3772,3.2,3,6,2.0,-1
3757,3758,3759,3.5,2,4,2.0,-1
3758,3759,3761,3.0,4,10,2.0,-1
3759,3760,3766,2.9,0,2,2.0,-1
3760,3761,3769,2.6,9,8,2.7,-1
3761,3762,3764,4.2,3,4,1.8,-1
3762,3763,3776,2.9,1,4,2.0,-1
3763,3764,3765,2.6,7,4,2.7,-1
3764,3765,3772,4.9,10,8,2.1,-1
3765,3766,3775,3.3,0,4,1.8,-1
3766,3767,3771,4.9,1,4,1.4,-1
3767,3768,3769,4.0,0,10,1.3,-1
3768,3769,3770,3.1,7,10,2.3,-1
3769,3770,3772,2.0,3,8,2.3,-1
3770,3771,3775,2.3,0,10,1.8,-1
3771,3772,3784,4.0,4,4,2.0,-1
3772,3773,3780,3.6,2,4,1.9,-1
3773,3774,3778,4.3,1,6,1.5,-1
3774,3775,3782,4.4,5,8,1.8,-1
3775,3776,3778,3.5,5,10,2.0,-1
3776,3777,3791,2.8,7,6,2.6,-1
3777,3778,3790,3.1,0,6,1.8,-1
3778,3779,3781,2.9,5,10,2.1,-1
3779,3780,3801,4.3,9,8,2.2,-1
3780,3781,3790,2.3,10,10,2.8,-1
3781,3782,3786,4.2,0,4,1.5,-1
3782,3783,3787,4.9,3,4,1.6,-1
3783,3784,3799,3.1,0,4,1.9,-1
3784,3785,3795,3.7,6,6,2.2,-1
3785,3786,3698,2.6,1,4,2.1,-1
3786,3787,3795,4.8,6,2,2.1,-1
3787,3788,3796,4.9,10,10,2.0,-1
3788,3789,3791,4.7,7,10,1.8,-1
3789,3790,3795,2.5,10,6,3.0,-1
3790,3791,3792,4.7,6,10,1.7,-1
3791,3792,3804,3.3,4,6,2.1,-1
3792,3793,3802,2.6,9,10,2.6,-1
3793,3794,3795,4.1,9,2,2.6,-1
3794,3795,3813,3.3,7,10,2.2,-1
3795,3796,3708,4.9,5,6,1.7,-1
3796,3797,3804,2.3,0,8,1.9,-1
3797,3798,3800,4.8,2,8,1.4,-1
3798,3799,3812,4.0,8,6,2.3,-1
3799,3800,3712,3.9,10,4,2.6,-1
3800,3801,3809,2.9,4,2,2.4,-1
3801,3802,3815,4.4,0,8,1.3,-1
3802,3803,3824,2.1,4,10,2.3,-1
3803,3804,3816,2.4,7,6,2.7,-1
3804,3805,3813,2.0,5,2,2.8,-1
3805,3806,3812,2.1,2,6,2.3,-1
3806,3807,3824,4.6,8,10,1.9,-1
3807,3808,3809,2.5,1,6,2.0,-1
3808,3809,3811,2.4,3,8,2.2,-1
3809,3810,3819,3.8,1,6,1.7,-1
3810,3811,3818,2.7,7,6,2.6,-1
3811,3812,3820,2.7,10,8,2.8,-1
3812,3813,3824,3.3,1,6,1.8,-1
3813,3814,3820,4.8,9,6,2.2,-1
3814,3815,3829,2.5,6,6,2.5,-1
3815,3816,3830,4.4,2,4,1.7,-1
3816,3817,3819,2.8,6,10,2.3,-1
3817,3818,3825,2.6,4,2,2.5,-1
3818,3819,3832,2.9,10,8,2.7,-1
3819,3820,3826,3.6,6,8,2.1,-1
3820,3821,3828,2.3,8,8,2.7,-1
3821,3822,3830,4.1,8,6,2.3,-1
3822,3823,3841,3.4,6,8,2.2,-1
3823,3824,3841,3.3,6,8,2.2,-1
3824,3825,3855,2.1,8,2,3.1,-1
3825,3826,3844,4.9,6,2,2.0,-1
3826,3827,3829,4.3,9,6,2.3,-1
3827,3828,3855,4.4,9,10,2.1,-1
3828,3829,3845,3.1,9,10,2.5,-1
3829,3830,3834,4.7,4,2,1.9,-1
3830,3831,3835,4.3,6,4,2.1,-1
3831,3832,3840,3.2,0,8,1.6,-1
3832,3833,3846,4.4,8,8,2.1,-1
3833,3834,3847,4.5,1,2,1.6,-1
3834,3835,3841,2.8,10,2,3.1,-1
3835,3836,3838,3.0,1,6,1.9,-1
3836,3837,3851,3.7,5,2,2.3,-1
3837,3838,3841,2.4,9,10,2.7,-1
3838,3839,3852,4.2,0,4,1.5,-1
3839,3840,3847,3.5,8,8,2.4,-1
3840,3841,3847,2.4,10,4,3.1,-1
3841,3842,3851,2.9,4,2,2.4,-1
3842,3843,3849,4.4,9,4,2.4,-1
3843,3844,3861,2.3,0,4,2.1,-1
3844,3845,3858,3.8,1,10,1.5,-1
3845,3846,3857,2.3,3,2,2.5,-1
3846,3847,3851,3.4,8,8,2.4,-1
3847,3848,3851,3.2,1,6,1.8,-1
3848,3849,3850,3.2,2,4,2.0,-1
3849,3850,3855,4.5,8,6,2.1,-1
3850,3851,3855,4.5,10,8,2.2,-1
3851,3852,3863,4.6,9,2,2.4,-1
3852,3853,3866,3.3,10,2,2.9,-1
3853,3854,3858,2.6,10,4,3.0,-1
3854,3855,3872,2.5,8,4,2.9,-1
3855,3856,3896,3.4,4,6,2.1,-1
3856,3857,3872,4.0,9,8,2.3,-1
3857,3858,3860,3.1,4,8,2.1,-1
3858,3859,3892,3.2,1,8,1.7,-1
3859,3860,3866,3.3,6,4,2.4,-1
3860,3861,3865,2.1,7,2,3.0,-1
3861,3862,3871,3.7,0,10,1.4,-1
3862,3863,3865,2.9,10,10,2.6,-1
3863,3864,3866,3.3,5,4,2.3,-1
3864,3865,3872,3.4,7,6,2.4,-1
3865,3866,3868,2.0,2,6,2.3,-1
3866,3867,3872,3.5,8,4,2.6,-1
3867,3868,3903,3.0,8,8,2.5,-1
3868,3869,3871,3.5,2,4,2.0,-1
3869,3870,3879,3.1,9,6,2.7,-1
3870,3871,3875,3.4,2,6,1.9,-1
3871,3872,3876,4.4,10,6,2.4,-1
3872,3873,3910,4.8,1,8,1.3,-1
3873,3874,3882,3.1,7,10,2.3,-1
3874,3875,3878,4.0,9,10,2.2,-1
3875,3876,3881,4.3,8,6,2.2,-1
3876,3877,3903,2.4,5,10,2.3,-1
3877,3878,3879,4.9,5,10,1.5,-1
3878,3879,3883,3.9,6,2,2.3,-1
3879,3880,3905,2.1,2,4,2.4,-1
3880,3881,3886,2.3,1,8,2.0,-1
3881,3882,3914,4.8,7,6,2.0,-1
3882,3883,3891,4.3,3,2,1.9,-1
3883,3884,3907,4.7,2,8,1.4,-1
3884,3885,3900,4.3,6,2,2.2,-1
3885,3886,3887,2.2,4,2,2.6,-1
3886,3887,3897,2.1,1,8,2.1,-1
3887,3888,3901,4.3,9,2,2.5,-1
3888,3889,3900,4.8,5,2,2.0,-1
3889,3890,3901,4.1,6,4,2.2,-1
3890,3891,3893,5.0,9,10,1.9,-1
3891,3892,3904,2.6,4,8,2.2,-1
3892,3893,3899,3.3,4,4,2.2,-1
3893,3894,3903,2.6,2,8,2.0,-1
3894,3895,3905,4.4,3,2,1.9,-1
3895,3896,3900,3.7,10,2,2.8,-1
3896,3897,3898,2.6,2,2,2.3,-1
3897,3898,3929,3.1,6,10,2.2,-1
3898,3899,3900,3.6,1,6,1.7,-1
3899,3900,3904,2.6,10,10,2.7,-1
3900,3901,3902,3.5,3,10,1.8,-1
3901,3902,3907,4.5,8,6,2.1,-1
3902,3903,3908,3.1,8,4,2.7,-1
3903,3904,3909,4.4,7,8,2.0,-1
3904,3905,3960,3.9,1,10,1.4,-1
3905,3906,3907,2.2,8,6,2.8,-1
3906,3907,3910,2.3,7,4,2.8,-1
3907,3908,3914,2.2,8,6,2.8,-1
3908,3909,3915,2.1,4,6,2.5,-1
3909,3910,3911,3.2,5,2,2.4,-1
3910,3911,3918,4.6,2,6,1.5,-1
3911,3912,3953,2.2,9,4,3.0,-1
3912,3913,3927,4.6,9,10,2.0,-1
3913,3914,3918,2.9,9,2,2.9,-1
3914,3915,3919,3.6,1,10,1.5,-1
3915,3916,3932,3.4,4,2,2.3,-1
3916,3917,3928,2.1,6,6,2.7,-1
3917,3918,3919,2.6,0,4,2.0,-1
3918,3919,3923,2.6,5,2,2.6,-1
3919,3920,3929,2.7,1,10,1.8,-1
3920,3921,3922,4.7,0,6,1.3,-1
3921,3922,3928,4.9,6,10,1.6,-1
3922,3923,3931,4.2,1,10,1.3,-1
3923,3924,3938,3.4,2,6,1.9,-1
3924,3925,3948,4.2,1,2,1.7,-1
3925,3926,3946,3.5,3,6,2.0,-1
3926,3927,3942,3.3,4,4,2.2,-1
3927,3928,3929,2.1,0,2,2.3,-1
3928,3929,3930,4.3,3,10,1.5,-1
3929,3930,3932,3.8,6,2,2.4,-1
3930,3931,3937,3.7,0,8,1.5,-1
3931,3932,3935,4.3,2,8,1.5,-1
3932,3933,3945,4.1,8,4,2.4,-1
3933,3934,3939,2.3,1,10,1.9,-1
3934,3935,3938,4.9,5,6,1.7,-1
3935,3936,3942,2.6,6,2,2.7,-1
3936,3937,3941,2.7,1,10,1.8,-1
3937,3938,3949,2.0,6,10,2.5,-1
3938,3939,3954,3.7,0,4,1.7,-1
3939,3940,3945,4.4,1,2,1.7,-1
3940,3941,3944,2.4,2,6,2.2,-1
3941,3942,3943,2.1,5,10,2.4,-1
3942,3943,3947,4.0,3,6,1.8,-1
3943,3944,3950,2.4,6,8,2.5,-1
3944,3945,3949,4.0,10,2,2.7,-1
3945,3946,3952,2.2,8,4,2.9,-1
3946,3947,3951,3.5,5,4,2.2,-1
3947,3948,3980,3.3,4,6,2.1,-1
3948,3949,3950,4.3,4,4,1.9,-1
3949,3950,3951,3.6,4,6,2.0,-1
3950,3951,3959,4.1,8,2,2.5,-1
3951,3952,3959,2.2,6,10,2.4,-1
3952,3953,3954,3.5,1,4,1.9,-1
3953,3954,3973,4.7,8,4,2.2,-1
3954,3955,3959,2.9,8,4,2.7,-1
3955,3956,3868,2.4,2,2,2.4,-1
3956,3957,3958,4.9,7,8,1.8,-1
3957,3958,3962,4.9,0,8,1.1,-1
3958,3959,3962,4.5,4,6,1.8,-1
3959,3960,3975,3.8,4,2,2.2,-1
3960,3961,3973,2.2,9,8,2.8,-1
3961,3962,3980,3.5,6,8,2.2,-1
3962,3963,3970,3.3,3,4,2.1,-1
3963,3964,3971,3.1,10,8,2.7,-1
3964,3965,3968,3.6,10,6,2.6,-1
3965,3966,3969,2.1,5,2,2.8,-1
3966,3967,3980,4.7,5,6,1.8,-1
3967,3968,3971,4.4,9,4,2.4,-1
3968,3969,3971,4.3,5,10,1.7,-1
3969,3970,3975,3.3,6,2,2.5,-1
3970,3971,3976,4.4,8,8,2.1,-1
3971,3972,3973,4.9,10,6,2.2,-1
3972,3973,3978,4.6,8,8,2.0,-1
3973,3974,3980,3.3,9,10,2.4,-1
3974,3975,3977,2.8,6,8,2.4,-1
3975,3976,3983,4.2,3,4,1.8,-1
3976,3977,3988,4.7,4,6,1.7,-1
3977,3978,3987,2.3,3,10,2.1,-1
3978,3979,3981,2.9,9,8,2.6,-1
3979,3980,4010,2.1,4,6,2.5,-1
3980,3981,4010,2.8,4,10,2.1,-1
3981,3982,3987,2.0,4,10,2.3,-1
3982,3983,3996,4.0,4,4,2.0,-1
3983,3984,3995,3.3,0,8,1.6,-1
3984,3985,3987,2.0,0,6,2.1,-1
3985,3986,4002,3.4,8,4,2.6,-1
3986,3987,4003,3.2,9,2,2.8,-1
3987,3988,3989,2.8,9,10,2.6,-1
3988,3989,3992,2.9,1,8,1.8,-1
3989,3990,3999,2.5,4,6,2.4,-1
3990,3991,3998,4.6,2,4,1.6,-1
3991,3992,3999,3.9,2,10,1.5,-1
3992,3993,3995,4.0,3,2,2.0,-1
3993,3994,4011,4.0,2,10,1.5,-1
3994,3995,4003,4.6,9,6,2.2,-1
3995,3996,4000,2.1,3,2,2.6,-1
3996,3997,4004,4.9,4,6,1.6,-1
3997,3998,4005,2.0,5,10,2.4,-1
3998,3999,4006,4.2,9,4,2.4,-1
3999,4000,4002,3.0,1,10,1.7,-1
4000,4001,4007,3.3,8,2,2.7,-1
4001,4002,4006,2.7,5,10,2.2,-1
4002,4003,4007,3.1,10,8,2.7,-1
4003,4004,4011,2.2,6,6,2.6,-1
4004,4005,4008,2.4,5,10,2.3,-1
4005,4006,4018,4.4,5,8,1.8,-1
4006,4007,4021,4.7,5,8,1.7,-1
4007,4008,4009,4.8,4,10,1.5,-1
4008,4009,4014,2.1,5,2,2.8,-1
4009,4010,4012,2.9,2,10,1.8,-1
4010,4011,4019,2.1,9,4,3.1,-1
4011,4012,4022,4.4,8,10,2.0,-1
4012,4013,4016,4.4,5,4,2.0,-1
4013,4014,4016,3.1,9,2,2.9,-1
4014,4015,4024,4.0,2,8,1.6,-1
4015,4016,4037,4.3,10,2,2.6,-1
4016,4017,3929,4.9,3,10,1.3,-1
4017,4018,4019,3.5,9,10,2.4,-1
4018,4019,4020,4.2,8,2,2.4,-1
4019,4020,4024,4.5,8,2,2.3,-1
4020,4021,4024,3.8,10,10,2.4,-1
4021,4022,4027,3.6,5,6,2.1,-1
4022,4023,4026,2.6,9,6,2.8,-1
4023,4024,4025,4.7,5,4,1.9,-1
4024,4025,4033,4.4,5,4,2.0,-1
4025,4026,4028,3.4,1,4,1.9,-1
4026,4027,4039,3.3,6,6,2.3,-1
4027,4028,4032,2.2,8,10,2.6,-1
4028,4029,4040,2.2,5,8,2.4,-1
4029,4030,4045,3.8,7,8,2.2,-1
4030,4031,4033,2.7,2,10,1.9,-1
4031,4032,4037,2.7,6,10,2.3,-1
4032,4033,4037,4.0,9,6,2.4,-1
4033,4034,4046,4.4,5,6,1.9,-1
4034,4035,4037,2.4,6,8,2.5,-1
4035,4036,4044,3.5,2,10,1.7,-1
4036,4037,4038,3.5,3,4,2.1,-1
4037,4038,4047,4.6,0,4,1.4,-1
4038,4039,3951,2.4,4,10,2.2,-1
4039,4040,3952,4.1,7,2,2.4,-1
4040,4041,4047,2.4,0,8,1.9,-1
4041,4042,4049,2.1,2,2,2.5,-1
4042,4043,4048,2.4,8,8,2.7,-1
4043,4044,4049,4.7,5,4,1.9,-1
4044,4045,4049,3.2,8,4,2.6,-1
4045,4046,4047,4.1,1,6,1.6,-1
4046,4047,3959,4.7,5,10,1.6,-1
4047,4048,4050,3.8,1,2,1.9,-1
4048,4049,4051,2.2,5,8,2.4,-1
4049,4050,3962,4.7,10,8,2.2,-1
4050,4051,3963,4.2,6,6,2.0,-1
4051,4052,4060,4.3,2,4,1.7,-1
4052,4053,4064,4.2,9,10,2.1,-1
4053,4054,4062,2.3,0,10,1.8,-1
4054,4055,4059,3.8,10,8,2.5,-1
4055,4056,4061,3.1,7,4,2.6,-1
4056,4057,4061,3.5,9,6,2.6,-1
4057,4058,4065,4.8,1,4,1.5,-1
4058,4059,4065,2.9,5,2,2.5,-1
4059,4060,4061,3.7,8,10,2.2,-1
4060,4061,4069,3.5,6,6,2.2,-1
4061,4062,4069,3.0,5,4,2.4,-1
4062,4063,4065,4.9,0,4,1.3,-1
4063,4064,4065,3.3,4,10,1.9,-1
4064,4065,4068,4.6,5,2,2.0,-1
4065,4066,4088,3.0,2,2,2.2,-1
4066,4067,4075,2.9,7,8,2.4,-1
4067,4068,4070,2.7,2,6,2.1,-1
4068,4069,4077,4.8,4,10,1.5,-1
4069,4070,4071,4.3,3,6,1.7,-1
4070,4071,4233,2.4,3,10,2.1,-1
4071,4072,4076,4.5,2,2,1.7,-1
4072,4073,4086,3.8,0,10,1.4,-1
4073,4074,4077,3.6,3,2,2.1,-1
4074,4075,4087,3.5,0,6,1.7,-1
4075,4076,4078,2.6,9,8,2.7,-1
4076,4077,4078,4.2,8,4,2.3,-1
4077,4078,4088,4.5,4,2,1.9,-1
4078,4079,4080,4.1,1,8,1.5,-1
4079,4080,4087,4.7,7,6,2.0,-1
4080,4081,4243,2.3,2,6,2.2,-1
4081,4082,4089,4.2,1,6,1.5,-1
4082,4083,4089,4.4,3,2,1.9,-1
4083,4084,4088,3.0,8,6,2.6,-1
4084,4085,4086,2.8,10,10,2.7,-1
4085,4086,4087,4.0,1,6,1.6,-1
4086,4087,4098,4.7,0,8,1.2,-1
4087,4088,4090,2.3,8,6,2.8,-1
4088,4089,4091,2.6,8,2,2.9,-1
4089,4090,4101,4.8,10,2,2.5,-1
4090,4091,4093,2.7,9,8,2.7,-1
4091,4092,4254,4.6,3,4,1.7,-1
4092,4093,4094,2.8,2,8,2.0,-1
4093,4094,4098,4.4,7,6,2.1,-1
4094,4095,4103,2.4,10,2,3.2,-1
4095,4096,4104,4.9,3,2,1.7,-1
4096,4097,4100,3.3,7,10,2.2,-1
4097,4098,4105,3.8,2,2,2.0,-1
4098,4099,4112,3.3,4,10,1.9,-1
4099,4100,4105,3.1,9,4,2.8,-1
4100,4101,4105,3.9,7,10,2.0,-1
4101,4102,4119,4.0,2,6,1.7,-1
4102,4103,4112,4.5,4,8,1.6,-1
4103,4104,4116,3.5,10,8,2.6,-1
4104,4105,4114,3.8,8,8,2.3,-1
4105,4106,4107,2.9,3,2,2.3,-1
4106,4107,4109,4.9,4,8,1.5,-1
4107,4108,4110,4.9,5,4,1.8,-1
4108,4109,4110,4.0,1,4,1.7,-1
4109,4110,4121,3.4,5,2,2.4,-1
4110,4111,4115,3.0,6,4,2.5,-1
4111,4112,4114,4.3,7,8,2.0,-1
4112,4113,4119,3.8,10,4,2.7,-1
4113,4114,4124,2.1,4,10,2.3,-1
4114,4115,4130,2.6,6,2,2.7,-1
4115,4116,4125,3.7,5,6,2.1,-1
4116,4117,4128,4.0,6,8,2.0,-1
4117,4118,4123,4.4,6,8,1.9,-1
4118,4119,4136,2.8,0,6,1.9,-1
4119,4120,4122,3.5,3,6,2.0,-1
4120,4121,4122,3.9,0,6,1.5,-1
4121,4122,4284,3.3,3,10,1.8,-1
4122,4123,4127,4.6,8,4,2.2,-1
4123,4124,4125,4.3,1,10,1.3,-1
4124,4125,4127,3.8,2,10,1.6,-1
4125,4126,4130,3.6,0,8,1.5,-1
4126,4127,4289,2.3,5,6,2.5,-1
4127,4128,4290,4.3,8,2,2.4,-1
4128,4129,4134,4.0,8,4,2.4,-1
4129,4130,4135,3.1,3,4,2.2,-1
4130,4131,4134,4.5,6,4,2.0,-1
4131,4132,4138,2.9,2,6,2.0,-1
4132,4133,4295,3.0,3,10,1.9,-1
4133,4134,4139,4.2,0,2,1.6,-1
4134,4135,4136,4.5,8,2,2.3,-1
4135,4136,4143,3.5,7,2,2.5,-1
4136,4137,4141,2.5,4,2,2.5,-1
4137,4138,4300,2.7,3,2,2.4,-1
4138,4139,4158,2.8,1,8,1.9,-1
4139,4140,4147,4.0,2,6,1.7,-1
4140,4141,4147,4.6,1,2,1.6,-1
4141,4142,4148,3.5,6,2,2.5,-1
4142,4143,4145,2.0,8,10,2.7,-1
4143,4144,4147,4.8,1,10,1.2,-1
4144,4145,4155,4.4,3,10,1.5,-1
4145,4146,4152,4.6,5,8,1.7,-1
4146,4147,4155,3.5,0,6,1.7,-1
4147,4148,4310,2.8,3,2,2.4,-1
4148,4149,4152,2.8,10,10,2.7,-1
4149,4150,4161,3.4,4,8,2.0,-1
4150,4151,4155,2.3,6,10,2.4,-1
4151,4152,4176,2.8,4,10,2.1,-1
4152,4153,4166,3.5,6,2,2.5,-1
4153,4154,4155,5.0,6,6,1.8,-1
4154,4155,4168,4.3,1,8,1.4,-1
4155,4156,4161,2.7,0,8,1.8,-1
4156,4157,4172,4.3,7,6,2.1,-1
4157,4158,4173,3.4,1,6,1.8,-1
4158,4159,4160,3.0,10,2,3.0,-1
4159,4160,4173,2.3,2,4,2.3,-1
4160,4161,4163,4.6,7,10,1.8,-1
4161,4162,4163,2.7,2,8,2.0,-1
4162,4163,4166,3.8,7,10,2.1,-1
4163,4164,4171,4.2,9,4,2.4,-1
4164,4165,4175,2.2,7,6,2.7,-1
4165,4166,4170,3.2,5,4,2.3,-1
4166,4167,4171,2.1,9,10,2.8,-1
4167,4168,4176,3.2,0,6,1.7,-1
4168,4169,4172,4.1,8,8,2.2,-1
4169,4170,4171,3.6,5,4,2.2,-1
4170,4171,4173,3.0,7,10,2.3,-1
4171,4172,4184,3.7,1,2,1.9,-1
4172,4173,4178,3.3,1,8,1.7,-1
4173,4174,4175,2.4,0,4,2.1,-1
4174,4175,4176,3.6,1,4,1.8,-1
4175,4176,4184,2.6,1,2,2.2,-1
4176,4177,4183,4.7,7,4,2.1,-1
4177,4178,4180,3.9,8,8,2.2,-1
4178,4179,4180,2.4,8,8,2.7,-1
4179,4180,4342,3.2,4,2,2.3,-1
4180,4181,4184,3.3,4,6,2.1,-1
4181,4182,4344,3.6,9,6,2.5,-1
4182,4183,4188,3.7,2,4,1.9,-1
4183,4184,4189,2.9,10,4,2.9,-1
4184,4185,4186,4.4,5,10,1.7,-1
4185,4186,4189,3.8,7,8,2.2,-1
4186,4187,4190,2.6,5,4,2.5,-1
4187,4188,4190,2.5,7,2,2.9,-1
4188,4189,4351,3.0,2,4,2.1,-1
4189,4190,4208,3.4,0,6,1.7,-1
4190,4191,4203,4.1,3,2,2.0,-1
4191,4192,4200,3.6,5,2,2.3,-1
4192,4193,4211,2.2,7,10,2.5,-1
4193,4194,4197,2.5,5,10,2.2,-1
4194,4195,4196,4.7,5,2,2.0,-1
4195,4196,4201,4.8,4,6,1.7,-1
4196,4197,4199,4.5,6,10,1.8,-1
4197,4198,4204,4.2,5,10,1.7,-1
4198,4199,4206,4.3,4,10,1.6,-1
4199,4200,4208,3.6,10,4,2.7,-1
4200,4201,4202,2.2,2,2,2.4,-1
4201,4202,4207,4.2,4,4,1.9,-1
4202,4203,4365,2.8,1,4,2.1,-1
4203,4204,4214,4.4,9,8,2.2,-1
4204,4205,4206,3.0,9,10,2.5,-1
4205,4206,4207,2.8,9,8,2.7,-1
4206,4207,4222,2.6,0,4,2.0,-1
4207,4208,4210,5.0,1,10,1.1,-1
4208,4209,4213,2.4,2,8,2.1,-1
4209,4210,4216,4.6,5,2,2.0,-1
4210,4211,4219,4.7,0,4,1.4,-1
4211,4212,4213,3.5,7,8,2.2,-1
4212,4213,4224,4.0,5,6,2.0,-1
4213,4214,4216,3.5,1,4,1.9,-1
4214,4215,4218,3.7,6,8,2.1,-1
4215,4216,4223,4.1,5,6,2.0,-1
4216,4217,4219,4.5,5,10,1.6,-1
4217,4218,4219,2.2,9,4,3.0,-1
4218,4219,4220,4.9,10,6,2.2,-1
4219,4220,4221,4.1,6,10,1.9,-1
4220,4221,4226,3.3,4,2,2.3,-1
4221,4222,4230,3.7,6,6,2.2,-1
4222,4223,4230,2.5,5,8,2.4,-1
4223,4224,4233,4.3,5,8,1.8,-1
4224,4225,4232,2.6,8,4,2.8,-1
4225,4226,4241,3.1,2,2,2.2,-1
4226,4227,4232,2.6,5,10,2.2,-1
4227,4228,4246,2.6,9,6,2.8,-1
4228,4229,4231,3.0,5,6,2.3,-1
4229,4230,4231,3.5,0,10,1.5,-1
4230,4231,4254,2.8,10,6,2.9,-1
4231,4232,4237,3.9,6,2,2.3,-1
4232,4233,4238,5.0,4,6,1.6,-1
4233,4234,4246,3.9,9,2,2.6,-1
4234,4235,4240,4.6,7,10,1.8,-1
4235,4236,4237,3.9,7,4,2.3,-1
4236,4237,4239,3.4,10,10,2.5,-1
4237,4238,4246,4.4,0,6,1.4,-1
4238,4239,4242,2.1,2,4,2.4,-1
4239,4240,4246,4.6,2,2,1.7,-1
4240,4241,4243,3.3,1,2,2.0,-1
4241,4242,4244,3.3,0,6,1.7,-1
4242,4243,4247,2.3,8,6,2.8,-1
4243,4244,4248,5.0,3,10,1.3,-1
4244,4245,4250,4.2,5,6,1.9,-1
4245,4246,4252,4.7,2,10,1.3,-1
4246,4247,4253,4.2,5,10,1.7,-1
4247,4248,4262,2.0,10,8,3.0,-1
4248,4249,4252,3.2,10,2,2.9,-1
4249,4250,4252,2.2,8,4,2.9,-1
4250,4251,4259,4.2,1,4,1.6,-1
4251,4252,4414,3.3,4,10,1.9,-1
4252,4253,4254,2.6,8,8,2.6,-1
4253,4254,4261,2.5,0,6,1.9,-1
4254,4255,4258,2.8,5,2,2.6,-1
4255,4256,4263,3.0,9,2,2.9,-1
4256,4257,4277,3.7,7,2,2.5,-1
4257,4258,4262,2.3,1,4,2.2,-1
4258,4259,4264,4.2,2,6,1.6,-1
4259,4260,4267,3.8,0,4,1.7,-1
4260,4261,4269,4.4,3,6,1.7,-1
4261,4262,4266,3.4,3,6,2.0,-1
4262,4263,4266,4.5,10,4,2.5,-1
4263,4264,4267,4.2,2,6,1.6,-1
4264,4265,4268,2.2,4,4,2.5,-1
4265,4266,4268,2.8,9,6,2.8,-1
4266,4267,4270,3.2,3,6,2.0,-1
4267,4268,4271,4.7,2,6,1.5,-1
4268,4269,4276,2.8,7,6,2.6,-1
4269,4270,4272,2.3,5,10,2.3,-1
4270,4271,4280,3.1,10,10,2.6,-1
4271,4272,4280,3.3,10,4,2.8,-1
4272,4273,4283,2.1,9,8,2.9,-1
4273,4274,4285,2.5,9,4,3.0,-1
4274,4275,4281,5.0,6,6,1.8,-1
4275,4276,4277,3.9,10,6,2.5,-1
4276,4277,4278,2.6,8,10,2.5,-1
4277,4278,4279,4.5,4,2,1.9,-1
4278,4279,4285,3.5,3,6,2.0,-1
4279,4280,4053,2.7,4,2,2.5,-1
4280,4281,4282,4.8,8,4,2.2,-1
4281,4282,4287,3.4,7,10,2.2,-1
4282,4283,4056,3.0,9,8,2.6,-1
4283,4284,4057,4.0,0,6,1.5,-1
4284,4285,4287,4.1,10,6,2.5,-1
4285,4286,4288,4.6,0,4,1.4,-1
4286,4287,4306,3.3,5,6,2.2,-1
4287,4288,4289,3.9,1,4,1.7,-1
4288,4289,4290,4.7,4,4,1.8,-1
4289,4290,4300,3.4,2,2,2.1,-1
4290,4291,4310,3.3,9,8,2.5,-1
4291,4292,4298,3.8,6,8,2.1,-1
4292,4293,4294,3.4,3,6,2.0,-1
4293,4294,4301,4.2,9,6,2.3,-1
4294,4295,4306,3.4,6,6,2.3,-1
4295,4296,4297,2.1,3,10,2.2,-1
4296,4297,4298,2.3,6,6,2.6,-1
4297,4298,4308,4.9,6,10,1.6,-1
4298,4299,4306,2.1,8,4,3.0,-1
4299,4300,4309,4.8,9,10,2.0,-1
4300,4301,4308,2.6,9,4,2.9,-1
4301,4302,4075,2.4,5,2,2.7,-1
4302,4303,4313,4.9,4,4,1.7,-1
4303,4304,4312,4.4,7,8,2.0,-1
4304,4305,4309,2.5,0,4,2.0,-1
4305,4306,4337,2.6,2,6,2.1,-1
4306,4307,4311,2.9,2,4,2.1,-1
4307,4308,4323,4.6,6,2,2.1,-1
4308,4309,4313,4.2,2,10,1.4,-1
4309,4310,4318,4.5,5,2,2.0,-1
4310,4311,4314,3.4,5,2,2.4,-1
4311,4312,4314,3.4,10,8,2.6,-1
4312,4313,4314,4.1,7,8,2.1,-1
4313,4314,4317,4.5,3,2,1.8,-1
4314,4315,4318,3.2,5,4,2.3,-1
4315,4316,4089,3.2,5,6,2.2,-1
4316,4317,4323,4.5,6,10,1.8,-1
4317,4318,4319,3.2,1,6,1.8,-1
4318,4319,4327,3.5,9,2,2.8,-1
4319,4320,4336,2.7,9,4,2.9,-1
4320,4321,4336,4.3,5,6,1.9,-1
4321,4322,4324,3.0,0,10,1.6,-1
4322,4323,4324,3.8,6,2,2.4,-1
4323,4324,4333,3.9,2,8,1.6,-1
4324,4325,4326,2.6,3,6,2.2,-1
4325,4326,4329,3.3,5,8,2.1,-1
4326,4327,4329,4.0,6,4,2.2,-1
4327,4328,4335,2.9,6,8,2.3,-1
4328,4329,4332,2.1,6,4,2.8,-1
4329,4330,4103,2.5,10,10,2.8,-1
4330,4331,4345,4.5,7,2,2.2,-1
4331,4332,4334,3.0,1,8,1.8,-1
4332,4333,4336,4.4,0,4,1.5,-1
4333,4334,4335,3.0,9,10,2.5,-1
4334,4335,4341,3.2,7,2,2.6,-1
4335,4336,4341,3.5,10,8,2.6,-1
4336,4337,4343,3.3,0,6,1.7,-1
4337,4338,4339,3.3,10,2,2.9,-1
4338,4339,4349,3.8,7,10,2.1,-1
4339,4340,4343,3.1,7,6,2.5,-1
4340,4341,4342,4.5,5,2,2.0,-1
4341,4342,4343,4.4,6,10,1.8,-1
4342,4343,4348,4.3,10,2,2.6,-1
4343,4344,4346,2.5,5,10,2.2,-1
4344,4345,4371,2.8,8,10,2.5,-1
4345,4346,4352,4.2,7,8,2.0,-1
4346,4347,4348,2.1,4,2,2.7,-1
4347,4348,4359,2.4,7,8,2.6,-1
4348,4349,4350,3.1,9,6,2.7,-1
4349,4350,4351,2.8,5,6,2.4,-1
4350,4351,4124,4.3,0,10,1.2,-1
4351,4352,4356,2.8,4,6,2.3,-1
4352,4353,4357,3.3,7,6,2.4,-1
4353,4354,4356,2.9,0,10,1.6,-1
4354,4355,4360,2.3,0,10,1.8,-1
4355,4356,4358,4.2,3,4,1.8,-1
4356,4357,4130,2.3,1,4,2.2,-1
4357,4358,4368,4.2,10,8,2.3,-1
4358,4359,4364,3.3,4,6,2.1,-1
4359,4360,4371,4.9,9,4,2.2,-1
4360,4361,4362,4.8,8,10,1.9,-1
4361,4362,4372,3.4,1,6,1.8,-1
4362,4363,4365,3.1,2,10,1.8,-1
4363,4364,4371,4.9,10,2,2.4,-1
4364,4365,4373,3.1,1,6,1.9,-1
4365,4366,4370,4.8,4,8,1.6,-1
4366,4367,4371,3.2,2,6,1.9,-1
4367,4368,4141,4.2,1,8,1.4,-1
4368,4369,4382,4.9,3,10,1.3,-1
4369,4370,4401,2.8,4,10,2.1,-1
4370,4371,4378,3.5,3,2,2.2,-1
4371,4372,4383,3.1,7,4,2.6,-1
4372,4373,4381,4.3,6,6,2.0,-1
4373,4374,4375,4.2,2,6,1.6,-1
4374,4375,4376,3.5,0,10,1.5,-1
4375,4376,4379,3.2,2,6,1.9,-1
4376,4377,4150,2.8,6,4,2.6,-1
4377,4378,4379,2.1,6,4,2.8,-1
4378,4379,4402,2.8,7,10,2.4,-1
4379,4380,4387,4.4,10,6,2.4,-1
4380,4381,4382,2.3,3,2,2.5,-1
4381,4382,4386,4.1,3,2,2.0,-1
4382,4383,4394,3.8,9,8,2.4,-1
4383,4384,4390,3.8,10,10,2.4,-1
4384,4385,4158,3.0,6,8,2.3,-1
4385,4386,4389,4.8,0,6,1.3,-1
4386,4387,4388,3.0,5,8,2.2,-1
4387,4388,4392,2.5,7,4,2.8,-1
4388,4389,4162,3.6,2,8,1.7,-1
4389,4390,4396,2.8,0,10,1.7,-1
4390,4391,4394,4.9,10,8,2.1,-1
4391,4392,4394,3.7,5,2,2.3,-1
4392,4393,4166,2.6,8,6,2.7,-1
4393,4394,4395,2.9,5,8,2.2,-1
4394,4395,4397,4.0,0,4,1.6,-1
4395,4396,4405,3.9,2,10,1.5,-1
4396,4397,4402,3.1,6,8,2.3,-1
4397,4398,4400,5.0,0,6,1.2,-1
4398,4399,4404,3.7,7,4,2.4,-1
4399,4400,4411,3.1,8,4,2.7,-1
4400,4401,4408,3.1,1,2,2.1,-1
4401,4402,4403,3.2,3,2,2.2,-1
4402,4403,4408,3.7,2,4,1.9,-1
4403,4404,4412,4.3,6,10,1.8,-1
4404,4405,4415,3.2,3,8,1.9,-1
4405,4406,4417,4.7,4,6,1.7,-1
4406,4407,4409,4.3,10,2,2.6,-1
4407,4408,4418,4.0,10,6,2.5,-1
4408,4409,4182,3.5,8,8,2.4,-1
4409,4410,4417,2.7,6,8,2.4,-1
4410,4411,4412,4.3,4,8,1.7,-1
4411,4412,4418,2.5,2,8,2.0,-1
4412,4413,4414,2.9,8,6,2.6,-1
4413,4414,4423,4.3,10,4,2.5,-1
4414,4415,4188,4.1,1,8,1.5,-1
4415,4416,4419,3.7,6,8,2.1,-1
4416,4417,4190,3.2,10,2,2.9,-1
4417,4418,4422,3.9,2,10,1.5,-1
4418,4419,4424,3.9,1,10,1.4,-1
4419,4420,4421,3.7,6,2,2.4,-1
4420,4421,4440,3.0,3,4,2.2,-1
4421,4422,4428,3.7,7,2,2.5,-1
4422,4423,4425,4.9,0,10,1.0,-1
4423,4424,4425,4.7,10,8,2.2,-1
4424,4425,4431,3.7,3,4,2.0,-1
4425,4426,4433,3.4,3,4,2.1,-1
4426,4427,4435,3.4,3,6,2.0,-1
4427,4428,4438,2.4,1,2,2.3,-1
4428,4429,4435,2.6,7,8,2.5,-1
4429,4430,4435,2.7,9,8,2.7,-1
4430,4431,4434,5.0,2,8,1.3,-1
4431,4432,4437,3.5,1,10,1.6,-1
4432,4433,4438,4.5,2,4,1.6,-1
4433,4434,4436,3.4,1,2,2.0,-1
4434,4435,4438,4.2,10,8,2.3,-1
4435,4436,4440,4.6,7,8,1.9,-1
4436,4437,4439,2.2,6,6,2.6,-1
4437,4438,4439,4.7,8,2,2.3,-1
4438,4439,4212,4.1,9,10,2.2,-1
4439,4440,4213,4.1,7,8,2.1,-1
4440,4441,4451,4.5,0,6,1.3,-1
4441,4442,4445,4.4,0,6,1.4,-1
4442,4443,4529,3.2,8,8,2.4,-1
4443,4444,4530,3.3,1,2,2.0,-1
4444,4445,4447,2.4,4,10,2.2,-1
4445,4446,4447,4.3,1,4,1.6,-1
4446,4447,4449,3.1,10,6,2.8,-1
4447,4448,4452,2.4,3,8,2.2,-1
4448,4449,4461,2.6,1,6,2.0,-1
4449,4450,4454,3.9,1,8,1.5,-1
4450,4451,4470,4.7,7,4,2.1,-1
4451,4452,4453,4.3,5,6,1.9,-1
4452,4453,4461,4.1,5,8,1.9,-1
4453,4454,4540,4.1,9,6,2.4,-1
4454,4455,4457,3.8,2,4,1.9,-1
4455,4456,4463,3.6,0,4,1.7,-1
4456,4457,4459,4.6,9,6,2.2,-1
4457,4458,4464,4.1,4,4,2.0,-1
4458,4459,4463,3.7,4,8,1.9,-1
4459,4460,4467,4.1,10,6,2.5,-1
4460,4461,4468,2.5,2,4,2.2,-1
4461,4462,4548,3.8,6,6,2.2,-1
4462,4463,4470,3.9,0,4,1.6,-1
4463,4464,4465,3.7,2,10,1.6,-1
4464,4465,4470,2.0,5,10,2.4,-1
4465,4466,4474,4.2,8,8,2.1,-1
4466,4467,4471,3.4,2,6,1.9,-1
4467,4468,4469,3.9,9,10,2.2,-1
4468,4469,4470,2.9,5,8,2.2,-1
4469,4470,4483,4.6,7,4,2.1,-1
4470,4471,4473,4.6,7,4,2.1,-1
4471,4472,4482,3.5,6,2,2.5,-1
4472,4473,4477,4.0,1,6,1.6,-1
4473,4474,4481,2.7,3,4,2.3,-1
4474,4475,4480,2.5,9,2,3.0,-1
4475,4476,4481,3.9,5,8,1.9,-1
4476,4477,4484,3.4,10,2,2.9,-1
4477,4478,4479,4.5,8,4,2.2,-1
4478,4479,4491,4.2,5,2,2.1,-1
4479,4480,4485,3.2,1,6,1.8,-1
4480,4481,4483,3.5,4,10,1.9,-1
4481,4482,4486,4.9,8,2,2.2,-1
4482,4483,4491,4.9,0,8,1.1,-1
4483,4484,4489,3.7,3,4,2.0,-1
4484,4485,4489,2.8,2,4,2.2,-1
4485,4486,4487,2.7,7,4,2.7,-1
4486,4487,4495,2.1,9,6,3.0,-1
4487,4488,4490,3.7,1,4,1.8,-1
4488,4489,4491,4.2,1,4,1.6,-1
4489,4490,4493,3.6,0,4,1.7,-1
4490,4491,4495,2.7,9,10,2.6,-1
4491,4492,4499,3.4,1,10,1.6,-1
4492,4493,4495,4.6,0,6,1.3,-1
4493,4494,4518,4.4,1,4,1.6,-1
4494,4495,4581,3.4,7,2,2.6,-1
4495,4496,4510,3.4,1,10,1.6,-1
4496,4497,4498,3.8,9,8,2.4,-1
4497,4498,4584,2.9,0,10,1.6,-1
4498,4499,4501,3.3,1,8,1.7,-1
4499,4500,4502,4.3,3,10,1.5,-1
4500,4501,4502,4.4,9,8,2.2,-1
4501,4502,4503,5.0,4,8,1.5,-1
4502,4503,4508,3.8,7,4,2.4,-1
4503,4504,4505,3.0,7,10,2.3,-1
4504,4505,4508,2.9,10,6,2.8,-1
4505,4506,4592,2.8,8,4,2.8,-1
4506,4507,4511,3.0,10,10,2.6,-1
4507,4508,4509,3.5,10,8,2.6,-1
4508,4509,4595,2.3,2,8,2.1,-1
4509,4510,4515,2.0,8,8,2.8,-1
4510,4511,4512,3.5,2,2,2.0,-1
4511,4512,4516,4.3,10,6,2.4,-1
4512,4513,4518,2.3,7,6,2.7,-1
4513,4514,4517,3.9,8,4,2.4,-1
4514,4515,4519,2.6,1,4,2.1,-1
4515,4516,4517,2.6,8,6,2.7,-1
4516,4517,4518,3.0,8,8,2.5,-1
4517,4518,4524,2.3,4,10,2.2,-1
4518,4519,4605,2.6,10,4,3.0,-1
4519,4520,4606,3.0,3,8,2.0,-1
4520,4521,4523,4.4,2,10,1.4,-1
4521,4522,4527,4.0,5,10,1.8,-1
4522,4523,4609,4.9,10,10,2.0,-1
4523,4524,4537,4.4,4,4,1.9,-1
4524,4525,4529,4.8,7,6,2.0,-1
4525,4526,4529,3.1,4,6,2.2,-1
4526,4527,4613,4.2,5,8,1.8,-1
4527,4528,4539,2.9,9,8,2.6,-1
4528,4529,4530,4.3,0,8,1.3,-1
4529,4530,4536,2.2,6,6,2.6,-1
4530,4531,4534,3.9,2,8,1.6,-1
4531,4532,4539,4.3,0,4,1.5,-1
4532,4533,4541,2.6,4,6,2.3,-1
4533,4534,4541,4.5,0,6,1.3,-1
4534,4535,4538,3.3,6,6,2.3,-1
4535,4536,4539,3.7,3,4,2.0,-1
4536,4537,4540,3.9,7,6,2.2,-1
4537,4538,4551,2.3,3,4,2.4,-1
4538,4539,4543,3.0,7,10,2.3,-1
4539,4540,4545,3.4,0,8,1.6,-1
4540,4541,4543,4.1,7,4,2.3,-1
4541,4542,4628,2.8,9,10,2.6,-1
4542,4543,4549,3.1,1,2,2.1,-1
4543,4544,4556,3.9,4,10,1.7,-1
4544,4545,4546,3.1,4,2,2.4,-1
4545,4546,4547,3.4,1,6,1.8,-1
4546,4547,4553,4.9,6,4,1.9,-1
4547,4548,4549,4.6,9,6,2.2,-1
4548,4549,4551,3.7,8,2,2.6,-1
4549,4550,4559,3.3,5,10,2.0,-1
4550,4551,4559,3.6,10,6,2.6,-1
4551,4552,4638,3.7,4,2,2.2,-1
4552,4553,4555,2.4,1,6,2.1,-1
4553,4554,4559,4.9,5,8,1.6,-1
4554,4555,4561,4.2,3,4,1.8,-1
4555,4556,4564,3.0,3,8,2.0,-1
4556,4557,4558,3.1,3,6,2.1,-1
4557,4558,4565,2.8,0,4,2.0,-1
4558,4559,4563,2.4,6,8,2.5,-1
4559,4560,4562,3.2,7,2,2.6,-1
4560,4561,4564,4.5,0,10,1.1,-1
4561,4562,4563,3.1,9,8,2.6,-1
4562,4563,4649,5.0,8,6,2.0,-1
4563,4564,4565,4.4,7,6,2.1,-1
4564,4565,4566,3.7,10,2,2.8,-1
4565,4566,4569,4.2,9,2,2.5,-1
4566,4567,4569,4.9,1,10,1.1,-1
4567,4568,4572,2.5,8,2,3.0,-1
4568,4569,4571,3.7,7,10,2.1,-1
4569,4570,4573,4.0,3,2,2.0,-1
4570,4571,4572,4.3,6,6,2.0,-1
4571,4572,4573,3.4,2,6,1.9,-1
4572,4573,4580,2.2,10,10,2.8,-1
4573,4574,4576,3.0,8,8,2.5,-1
4574,4575,4582,4.7,6,10,1.7,-1
4575,4576,4578,2.9,9,8,2.6,-1
4576,4577,4581,2.1,3,6,2.4,-1
4577,4578,4583,3.3,4,4,2.2,-1
4578,4579,4582,3.8,5,10,1.9,-1
4579,4580,4587,3.4,10,4,2.8,-1
4580,4581,4667,4.3,9,6,2.3,-1
4581,4582,4668,4.7,9,4,2.3,-1
4582,4583,4595,2.6,2,4,2.2,-1
4583,4584,4585,2.9,1,2,2.1,-1
4584,4585,4586,3.6,0,4,1.7,-1
4585,4586,4587,3.6,1,6,1.7,-1
4586,4587,4593,4.6,3,4,1.7,-1
4587,4588,4589,2.6,2,8,2.0,-1
4588,4589,4594,5.0,3,4,1.6,-1
4589,4590,4598,4.3,0,4,1.5,-1
4590,4591,4596,4.6,7,2,2.2,-1
4591,4592,4597,4.5,6,2,2.1,-1
4592,4593,4594,3.3,3,8,1.9,-1
4593,4594,4598,2.1,7,8,2.7,-1
4594,4595,4596,2.6,6,10,2.3,-1
4595,4596,4597,4.4,1,4,1.6,-1
4596,4597,4600,3.5,9,10,2.4,-1
4597,4598,4601,2.4,3,2,2.5,-1
4598,4599,4604,4.8,9,6,2.2,-1
4599,4600,4607,4.2,5,8,1.8,-1
4600,4601,4605,2.6,1,10,1.8,-1
4601,4602,4607,3.1,4,10,2.0,-1
4602,4603,4610,2.3,7,2,2.9,-1
4603,4604,4606,2.0,6,8,2.6,-1
4604,4605,4613,4.9,1,6,1.3,-1
4605,4606,4608,3.1,4,2,2.4,-1
4606,4607,4609,3.3,10,6,2.7,-1
4607,4608,4612,2.7,1,8,1.9,-1
4608,4609,4612,4.6,0,6,1.3,-1
4609,4610,4696,4.2,5,2,2.1,-1
4610,4611,4617,2.4,3,4,2.4,-1
4611,4612,4629,3.7,2,10,1.6,-1
4612,4613,4634,2.5,7,2,2.9,-1
4613,4614,4615,2.2,3,6,2.3,-1
4614,4615,4620,3.1,6,4,2.5,-1
4615,4616,4618,3.3,2,10,1.7,-1
4616,4617,4621,4.9,10,4,2.3,-1
4617,4618,4625,3.1,1,4,2.0,-1
4618,4619,4634,2.1,3,6,2.4,-1
4619,4620,4624,3.2,5,6,2.2,-1
4620,4621,4638,3.9,0,2,1.7,-1
4621,4622,4627,3.0,7,2,2.7,-1
4622,4623,4627,4.2,2,8,1.5,-1
4623,4624,4627,2.1,6,10,2.5,-1
4624,4625,4711,4.2,2,4,1.7,-1
4625,4626,4712,2.3,5,4,2.6,-1
4626,4627,4628,2.3,1,2,2.3,-1
4627,4628,4629,4.9,7,8,1.8,-1
4628,4629,4634,4.6,8,8,2.0,-1
4629,4630,4632,2.4,9,2,3.1,-1
4630,4631,4632,2.9,7,6,2.5,-1
4631,4632,4651,2.4,10,10,2.8,-1
4632,4633,4641,3.1,9,2,2.9,-1
4633,4634,4643,3.4,9,4,2.7,-1
4634,4635,4637,2.4,8,4,2.9,-1
4635,4636,4639,4.4,2,4,1.7,-1
4636,4637,4641,4.0,1,8,1.5,-1
4637,4638,4660,2.8,9,2,3.0,-1
4638,4639,4644,2.7,4,4,2.4,-1
4639,4640,4726,4.2,4,6,1.8,-1
4640,4641,4645,4.1,7,10,2.0,-1
4641,4642,4650,3.6,9,6,2.5,-1
4642,4643,4647,4.3,2,6,1.6,-1
4643,4644,4648,3.3,10,4,2.8,-1
4644,4645,4657,3.7,0,8,1.5,-1
4645,4646,4647,3.9,3,4,1.9,-1
4646,4647,4648,2.0,10,2,3.3,-1
4647,4648,4653,4.5,3,4,1.8,-1
4648,4649,4650,3.2,0,10,1.5,-1
4649,4650,4736,3.4,5,4,2.3,-1
4650,4651,4652,3.9,9,8,2.3,-1
4651,4652,4669,3.4,3,8,1.9,-1
4652,4653,4654,3.9,8,8,2.2,-1
4653,4654,4662,2.4,4,10,2.2,-1
4654,4655,4668,4.8,5,4,1.9,-1
4655,4656,4659,2.8,7,10,2.4,-1
4656,4657,4659,3.4,1,6,1.8,-1
4657,4658,4663,4.3,4,2,2.0,-1
4658,4659,4662,4.3,6,2,2.2,-1
4659,4660,4662,4.9,2,2,1.6,-1
4660,4661,4663,2.7,7,2,2.8,-1
4661,4662,4665,2.4,4,4,2.5,-1
4662,4663,4668,4.6,4,8,1.6,-1
4663,4664,4671,3.3,1,10,1.6,-1
4664,4665,4666,2.5,8,4,2.9,-1
4665,4666,4667,2.4,10,4,3.1,-1
4666,4667,4671,4.3,3,6,1.7,-1
4667,4668,4672,3.6,2,10,1.6,-1
4668,4669,4671,4.6,8,2,2.3,-1
4669,4670,4756,4.4,5,10,1.7,-1
4670,4671,4674,2.7,8,4,2.8,-1
4671,4672,4676,3.1,1,4,2.0,-1
4672,4673,4676,3.9,9,4,2.5,-1
4673,4674,4675,4.5,2,10,1.3,-1
4674,4675,4682,4.8,9,8,2.1,-1
4675,4676,4688,4.6,4,2,1.9,-1
4676,4677,4678,4.9,6,6,1.8,-1
4677,4678,4690,3.2,8,8,2.4,-1
4678,4679,4682,4.7,7,6,2.0,-1
4679,4680,4684,2.4,4,2,2.6,-1
4680,4681,4695,2.2,8,6,2.8,-1
4681,4682,4683,2.6,9,10,2.6,-1
4682,4683,4684,4.9,0,8,1.1,-1
4683,4684,4770,2.4,7,4,2.8,-1
4684,4685,4771,4.3,3,8,1.6,-1
4685,4686,4772,4.4,10,8,2.3,-1
4686,4687,4688,3.2,3,4,2.1,-1
4687,4688,4689,4.5,1,4,1.6,-1
4688,4689,4694,4.9,4,4,1.7,-1
4689,4690,4699,4.7,1,10,1.2,-1
4690,4691,4694,4.8,2,4,1.6,-1
4691,4692,4693,3.3,10,6,2.7,-1
4692,4693,4701,4.3,0,2,1.6,-1
4693,4694,4696,3.6,8,2,2.6,-1
4694,4695,4696,4.3,9,8,2.2,-1
4695,4696,4699,2.7,7,6,2.6,-1
4696,4697,4700,4.5,8,10,1.9,-1
4697,4698,4700,3.4,1,6,1.8,-1
4698,4699,4706,4.6,0,8,1.2,-1
4699,4700,4702,4.5,4,2,1.9,-1
4700,4701,4702,3.9,6,10,1.9,-1
4701,4702,4705,2.5,7,6,2.6,-1
4702,4703,4710,2.7,1,2,2.2,-1
4703,4704,4455,5.0,9,10,1.9,-1
4704,4705,4707,4.6,3,8,1.5,-1
4705,4706,4735,4.5,6,8,1.9,-1
4706,4707,4712,2.2,1,6,2.1,-1
4707,4708,4710,4.5,4,6,1.8,-1
4708,4709,4712,3.9,5,8,1.9,-1
4709,4710,4718,4.0,4,6,1.9,-1
4710,4711,4462,2.2,1,8,2.0,-1
4711,4712,4726,2.7,7,4,2.7,-1
4712,4713,4717,3.8,10,6,2.6,-1
4713,4714,4465,2.3,7,10,2.5,-1
4714,4715,4720,3.8,9,8,2.4,-1
4715,4716,4725,3.8,10,8,2.5,-1
4716,4717,4718,2.1,1,10,2.0,-1
4717,4718,4720,4.5,10,2,2.5,-1
4718,4719,4721,3.7,1,4,1.8,-1
4719,4720,4724,3.1,10,10,2.6,-1
4720,4721,4725,3.3,6,2,2.5,-1
4721,4722,4729,3.0,7,8,2.4,-1
4722,4723,4474,3.7,8,2,2.6,-1
4723,4724,4725,4.8,10,8,2.2,-1
4724,4725,4729,4.0,0,4,1.6,-1
4725,4726,4735,3.7,0,6,1.6,-1
4726,4727,4731,2.3,6,2,2.8,-1
4727,4728,4730,4.2,4,6,1.8,-1
4728,4729,4734,4.5,5,6,1.8,-1
4729,4730,4732,4.9,3,6,1.5,-1
4730,4731,4732,3.3,0,6,1.7,-1
4731,4732,4741,3.4,10,6,2.7,-1
4732,4733,4734,4.3,2,4,1.7,-1
4733,4734,4737,3.7,8,6,2.4,-1
4734,4735,4736,4.2,5,4,2.0,-1
4735,4736,4738,4.5,1,6,1.4,-1
4736,4737,4746,3.1,8,4,2.7,-1
4737,4738,4739,2.9,4,2,2.4,-1
4738,4739,4748,4.7,1,8,1.3,-1
4739,4740,4742,2.9,7,4,2.6,-1
4740,4741,4492,4.3,3,6,1.7,-1
4741,4742,4743,4.6,7,6,2.0,-1
4742,4743,4749,3.0,7,6,2.5,-1
4743,4744,4753,4.3,2,6,1.6,-1
4744,4745,4496,2.0,3,10,2.2,-1
4745,4746,4747,2.9,8,10,2.4,-1
4746,4747,4770,2.9,8,10,2.4,-1
4747,4748,4749,2.5,9,2,3.0,-1
4748,4749,4500,2.6,1,10,1.8,-1
4749,4750,4751,4.7,10,8,2.2,-1
4750,4751,4754,4.6,2,6,1.5,-1
4751,4752,4753,3.6,6,4,2.3,-1
4752,4753,4504,4.8,1,6,1.4,-1
4753,4754,4758,3.8,1,6,1.7,-1
4754,4755,4763,5.0,7,2,2.1,-1
4755,4756,4758,2.7,2,6,2.1,-1
4756,4757,4770,2.1,3,4,2.5,-1
4757,4758,4762,2.7,3,8,2.1,-1
4758,4759,4760,3.9,3,4,1.9,-1
4759,4760,4771,2.0,3,2,2.6,-1
4760,4761,4762,4.6,7,8,1.9,-1
4761,4762,4764,3.2,8,10,2.3,-1
4762,4763,4765,2.6,2,10,1.9,-1
4763,4764,4765,3.7,10,10,2.4,-1
4764,4765,4516,4.7,6,6,1.9,-1
4765,4766,4768,4.1,5,6,2.0,-1
4766,4767,4768,3.3,5,4,2.3,-1
4767,4768,4769,3.0,5,2,2.5,-1
4768,4769,4770,4.9,2,6,1.4,-1
4769,4770,4771,4.6,3,10,1.4,-1
4770,4771,4773,3.7,1,10,1.5,-1
4771,4772,4775,4.1,8,6,2.3,-1
4772,4773,4775,2.3,9,4,3.0,-1
4773,4774,4775,4.2,10,10,2.2,-1
4774,4775,4526,4.5,3,8,1.6,-1
4775,4776,4827,2.8,0,8,1.8,-1
4776,4777,4783,3.9,7,10,2.0,-1
4777,4778,4829,3.3,2,2,2.1,-1
4778,4779,4830,3.7,8,2,2.6,-1
4779,4780,4831,4.7,7,4,2.1,-1
4780,4781,4832,2.2,5,2,2.7,-1
4781,4782,4833,4.9,4,10,1.4,-1
4782,4783,4785,2.8,0,10,1.7,-1
4783,4784,4787,3.5,2,8,1.8,-1
4784,4785,4786,2.6,7,6,2.6,-1
4785,4786,4787,3.6,10,6,2.6,-1
4786,4787,4838,3.0,9,10,2.5,-1
4787,4788,4839,4.8,2,10,1.3,-1
4788,4789,4795,4.9,9,6,2.1,-1
4789,4790,4791,4.6,9,2,2.4,-1
4790,4791,4795,4.1,5,10,1.8,-1
4791,4792,4795,2.4,1,10,1.9,-1
4792,4793,4794,2.2,6,4,2.7,-1
4793,4794,4845,4.2,3,10,1.5,-1
4794,4795,4796,4.3,2,4,1.7,-1
4795,4796,4798,2.1,7,2,3.0,-1
4796,4797,4801,3.0,1,8,1.8,-1
4797,4798,4800,3.7,10,8,2.5,-1
4798,4799,4802,4.4,6,8,1.9,-1
4799,4800,4801,2.4,5,4,2.6,-1
4800,4801,4818,2.3,5,4,2.6,-1
4801,4802,4805,4.1,4,8,1.8,-1
4802,4803,4854,2.3,4,8,2.3,-1
4803,4804,4810,2.6,5,2,2.6,-1
4804,4805,4856,3.0,1,10,1.7,-1
4805,4806,4857,2.8,9,2,3.0,-1
4806,4807,4814,4.9,0,6,1.2,-1
4807,4808,4859,2.3,0,10,1.8,-1
4808,4809,4820,2.0,5,8,2.5,-1
4809,4810,4813,2.9,9,10,2.5,-1
4810,4811,4818,3.1,1,4,2.0,-1
4811,4812,4818,2.6,9,8,2.7,-1
4812,4813,4816,2.5,3,6,2.2,-1
4813,4814,4817,2.3,10,4,3.1,-1
4814,4815,4866,3.8,9,4,2.6,-1
4815,4816,4817,4.7,2,10,1.3,-1
4816,4817,4868,2.4,7,2,2.9,-1
4817,4818,4869,3.9,8,2,2.5,-1
4818,4819,4821,4.4,4,6,1.8,-1
4819,4820,4828,2.3,10,4,3.1,-1
4820,4821,4872,3.8,2,2,2.0,-1
4821,4822,4873,3.5,9,4,2.7,-1
4822,4823,4874,5.0,5,8,1.6,-1
4823,4824,4825,4.8,8,8,2.0,-1
4824,4825,4833,4.4,1,10,1.3,-1
4825,4826,4834,2.2,3,6,2.3,-1
4826,4827,4828,2.4,7,4,2.8,-1
4827,4828,4829,4.4,0,6,1.4,-1
4828,4829,4831,2.2,7,10,2.5,-1
4829,4830,4833,2.3,8,2,3.0,-1
4830,4831,4833,4.0,5,10,1.8,-1
4831,4832,4834,3.7,8,10,2.2,-1
4832,4833,4884,3.2,8,4,2.6,-1
4833,4834,4836,2.8,2,8,2.0,-1
4834,4835,4837,4.3,4,8,1.7,-1
4835,4836,4838,3.2,6,2,2.5,-1
4836,4837,4840,3.5,7,2,2.5,-1
4837,4838,4841,3.0,7,10,2.3,-1
4838,4839,4840,3.2,7,6,2.4,-1
4839,4840,4891,4.3,0,10,1.2,-1
4840,4841,4851,4.5,3,2,1.8,-1
4841,4842,4846,2.9,9,10,2.5,-1
4842,4843,4846,3.6,10,6,2.6,-1
4843,4844,4847,4.2,8,2,2.4,-1
4844,4845,4896,2.1,4,8,2.4,-1
4845,4846,4850,2.6,8,2,2.9,-1
4846,4847,4848,4.5,10,8,2.2,-1
4847,4848,4899,4.2,8,4,2.3,-1
4848,4849,4900,3.5,10,2,2.9,-1
4849,4850,4857,4.7,1,8,1.3,-1
4850,4851,4902,4.8,3,6,1.6,-1
4851,4852,4854,2.2,3,8,2.2,-1
4852,4853,4862,2.6,10,10,2.7,-1
4853,4854,4857,2.0,6,4,2.8,-1
4854,4855,4858,4.7,1,6,1.4,-1
4855,4856,4865,2.0,3,6,2.4,-1
4856,4857,4861,5.0,6,4,1.9,-1
4857,4858,4861,3.1,6,2,2.6,-1
4858,4859,4862,2.5,9,4,3.0,-1
4859,4860,4911,3.9,4,8,1.8,-1
4860,4861,4870,4.0,10,6,2.5,-1
4861,4862,4865,2.6,10,6,2.9,-1
4862,4863,4864,3.2,0,8,1.6,-1
4863,4864,4874,4.5,6,6,1.9,-1
4864,4865,4872,4.5,3,8,1.6,-1
4865,4866,4917,2.8,0,8,1.8,-1
4866,4867,4868,2.1,7,4,2.9,-1
4867,4868,4871,4.0,3,2,2.0,-1
4868,4869,4872,3.9,1,4,1.7,-1
4869,4870,4874,4.7,7,2,2.2,-1
4870,4871,4875,2.6,5,4,2.5,-1
4871,4872,4923,4.8,4,8,1.6,-1
4872,4873,4878,2.9,4,6,2.2,-1
4873,4874,4885,4.6,4,2,1.9,-1
4874,4875,4876,4.3,6,4,2.1,-1
4875,4876,4927,4.9,8,8,1.9,-1
4876,4877,4880,2.6,8,2,2.9,-1
4877,4878,4880,3.4,1,2,2.0,-1
4878,4879,4883,2.7,6,4,2.6,-1
4879,4880,4931,2.3,1,4,2.2,-1
4880,4881,4884,3.3,5,8,2.1,-1
4881,4882,4933,4.2,7,10,1.9,-1
4882,4883,4934,4.3,10,10,2.2,-1
4883,4884,4889,4.3,3,4,1.8,-1
4884,4885,4902,4.2,0,10,1.2,-1
4885,4886,4937,2.0,2,6,2.3,-1
4886,4887,4938,4.6,4,4,1.8,-1
4887,4888,4891,3.1,3,2,2.3,-1
4888,4889,4940,3.2,2,6,1.9,-1
4889,4890,4941,3.5,3,4,2.1,-1
4890,4891,4942,3.9,5,8,1.9,-1
4891,4892,4893,2.1,7,2,3.0,-1
4892,4893,4895,4.5,9,10,2.0,-1
4893,4894,4895,2.9,2,4,2.1,-1
4894,4895,4904,3.6,5,2,2.3,-1
4895,4896,4903,2.3,1,8,2.0,-1
4896,4897,4899,3.6,0,10,1.4,-1
4897,4898,4949,4.2,5,6,1.9,-1
4898,4899,4950,2.1,1,4,2.3,-1
4899,4900,4951,2.0,0,10,1.9,-1
4900,4901,4952,2.2,6,10,2.4,-1
4901,4902,4903,2.4,3,2,2.5,-1
4902,4903,4904,3.7,1,2,1.9,-1
4903,4904,4955,3.9,7,10,2.0,-1
4904,4905,4908,3.9,4,10,1.7,-1
4905,4906,4957,3.2,3,8,1.9,-1
4906,4907,4908,3.8,5,8,2.0,-1
4907,4908,4920,3.4,2,8,1.8,-1
4908,4909,4915,3.6,5,4,2.2,-1
4909,4910,4961,2.4,10,4,3.1,-1
4910,4911,4913,4.9,6,6,1.8,-1
4911,4912,4963,4.6,5,2,2.0,-1
4912,4913,4919,3.3,4,4,2.2,-1
4913,4914,4915,2.1,6,10,2.5,-1
4914,4915,4966,4.6,6,4,2.0,-1
4915,4916,4917,4.5,5,4,1.9,-1
4916,4917,4968,4.8,6,8,1.8,-1
4917,4918,4969,3.4,7,8,2.3,-1
4918,4919,4926,4.9,7,6,1.9,-1
4919,4920,4921,3.0,10,8,2.7,-1
4920,4921,4922,2.4,8,4,2.9,-1
4921,4922,4973,2.7,3,10,2.0,-1
4922,4923,4925,2.6,10,10,2.7,-1
4923,4924,4975,3.1,7,10,2.3,-1
4924,4925,4929,4.6,6,6,1.9,-1
4925,4926,4977,3.9,3,8,1.7,-1
4926,4927,4978,2.4,1,10,1.9,-1
4927,4928,4979,4.0,4,10,1.7,-1
4928,4929,4980,3.2,3,4,2.1,-1
4929,4930,4931,3.0,2,8,1.9,-1
4930,4931,4982,4.8,6,4,2.0,-1
4931,4932,4983,4.8,0,4,1.4,-1
4932,4933,4938,3.2,10,4,2.8,-1
4933,4934,4940,2.8,10,10,2.7,-1
4934,4935,4986,4.3,10,8,2.3,-1
4935,4936,4939,3.7,3,4,2.0,-1
4936,4937,4988,3.2,7,4,2.5,-1
4937,4938,4989,4.6,2,8,1.4,-1
4938,4939,4941,2.9,9,10,2.5,-1
4939,4940,4991,4.2,0,2,1.6,-1
4940,4941,4992,4.4,1,2,1.7,-1
4941,4942,4993,2.0,0,6,2.1,-1
4942,4943,4946,4.6,5,6,1.8,-1
4943,4944,4995,2.6,2,4,2.2,-1
4944,4945,4952,2.9,1,6,1.9,-1
4945,4946,4948,3.9,5,10,1.8,-1
4946,4947,4998,4.7,7,8,1.9,-1
4947,4948,4999,3.0,2,6,2.0,-1
4948,4949,5000,2.9,8,4,2.7,-1
4949,4950,4952,4.7,2,4,1.6,-1
4950,4951,4777,3.2,8,10,2.3,-1
4951,4952,4954,3.2,8,10,2.3,-1
4952,4953,4955,3.9,4,4,2.0,-1
4953,4954,4957,4.9,10,4,2.3,-1
4954,4955,4781,4.7,1,2,1.6,-1
4955,4956,4957,2.4,6,8,2.5,-1
4956,4957,4962,3.1,2,2,2.2,-1
4957,4958,4959,3.8,5,8,2.0,-1
4958,4959,4965,3.8,2,8,1.7,-1
4959,4960,4965,4.7,7,10,1.8,-1
4960,4961,4787,3.0,5,2,2.5,-1
4961,4962,4972,4.7,1,4,1.5,-1
4962,4963,4965,2.4,4,8,2.3,-1
4963,4964,4975,4.8,1,4,1.5,-1
4964,4965,4966,4.9,5,6,1.7,-1
4965,4966,4975,4.1,1,6,1.6,-1
4966,4967,4974,3.8,7,2,2.5,-1
4967,4968,4970,3.9,9,8,2.3,-1
4968,4969,4795,5.0,5,6,1.7,-1
4969,4970,4796,2.6,4,10,2.1,-1
4970,4971,4797,4.7,0,8,1.2,-1
4971,4972,4976,3.0,2,2,2.2,-1
4972,4973,4993,3.9,4,6,1.9,-1
4973,4974,4978,3.3,6,6,2.3,-1
4974,4975,4978,2.1,10,8,3.0,-1
4975,4976,4980,4.0,5,10,1.8,-1
4976,4977,4982,2.1,9,2,3.2,-1
4977,4978,4982,4.2,0,6,1.4,-1
4978,4979,4805,3.1,7,8,2.4,-1
4979,4980,4806,3.2,10,6,2.7,-1
4980,4981,4985,4.1,5,6,2.0,-1
4981,4982,4984,4.4,6,8,1.9,-1
4982,4983,4809,4.1,2,6,1.7,-1
4983,4984,4985,4.2,8,4,2.3,-1
4984,4985,4811,3.5,4,2,2.2,-1
4985,4986,4988,4.7,10,2,2.5,-1
4986,4987,4990,4.4,5,10,1.7,-1
4987,4988,4990,4.7,0,4,1.4,-1
4988,4989,4815,4.4,1,4,1.6,-1
4989,4990,4996,2.2,5,2,2.7,-1
4990,4991,4999,2.5,3,2,2.5,-1
4991,4992,4995,4.6,0,2,1.5,-1
4992,4993,4819,4.2,5,10,1.7,-1
4993,4994,4999,2.2,9,8,2.8,-1
4994,4995,5000,3.9,5,2,2.2,-1
4995,4996,4997,3.8,0,4,1.7,-1
4996,4997,4823,2.6,1,4,2.1,-1
4997,4998,5000,2.3,1,2,2.3,-1
4998,4999,4825,3.3,10,4,2.8,-1
4999,5000,4826,2.6,1,8,1.9,-1
5000,151,443,3.0,8,4,2.7,-1
5001,99,726,3.4,3,8,1.9,-1
5002,36,813,3.8,2,8,1.7,-1
5003,117,1826,2.9,10,10,2.6,-1
5004,149,2031,4.6,0,8,1.2,-1
5005,120,4035,2.6,0,2,2.1,-1
5006,52,4246,2.5,3,6,2.2,-1
5007,143,4673,2.4,8,10,2.6,-1
5008,187,4817,4.9,1,2,1.5,-1
5009,447,636,2.6,5,4,2.5,-1
5010,365,1453,2.5,10,10,2.8,-1
5011,394,1808,2.9,6,10,2.2,-1
5012,294,3115,3.9,3,8,1.7,-1
5013,345,3865,2.8,5,4,2.5,-1
5014,383,4135,3.6,10,6,2.6,-1
5015,494,4635,2.8,2,2,2.3,-1
5016,396,4939,2.2,7,6,2.7,-1
5017,722,1337,4.7,0,10,1.1,-1
5018,602,1804,4.3,6,2,2.2,-1
5019,629,3441,4.0,7,2,2.4,-1
5020,744,3620,4.9,10,2,2.4,-1
5021,604,4068,3.0,5,10,2.1,-1
5022,752,4602,4.0,1,10,1.4,-1
5023,648,4844,2.8,5,8,2.3,-1
5024,834,1683,3.1,7,6,2.5,-1
5025,1347,3338,3.5,7,6,2.4,-1
5026,1089,3700,3.6,3,4,2.0,-1
5027,1438,4307,3.8,0,6,1.6,-1
5028,1172,4770,3.2,7,6,2.4,-1
5029,1236,4812,4.8,6,8,1.8,-1
5030,1696,2153,4.6,7,8,1.9,-1
5031,1692,3973,2.5,6,8,2.5,-1
5032,1772,4327,4.8,2,6,1.5,-1
5033,1696,4740,3.1,10,4,2.9,-1
5034,1738,4925,3.2,0,8,1.6,-1
5035,2685,3777,4.4,10,4,2.5,-1
5036,2317,4122,2.5,2,4,2.2,-1
5037,2911,4693,2.3,6,8,2.5,-1
5038,2054,4969,2.4,5,4,2.6,-1
5039,3616,4108,2.1,6,4,2.8,-1
5040,3670,4762,2.9,8,6,2.6,-1
5041,3673,4978,2.7,7,10,2.4,-1
5042,4400,4657,4.2,6,8,1.9,-1
5043,4357,4792,4.8,2,8,1.4,-1
5044,4638,4873,4.9,0,6,1.2,-1
